-- MySQL dump 10.13  Distrib 5.7.32, for Linux (x86_64)
--
-- Host: localhost    Database: Northwind
-- ------------------------------------------------------
-- Server version	5.7.32-0ubuntu0.18.04.1

/*!40101 SET @OLD_CHARACTER_SET_CLIENT=@@CHARACTER_SET_CLIENT */;
/*!40101 SET @OLD_CHARACTER_SET_RESULTS=@@CHARACTER_SET_RESULTS */;
/*!40101 SET @OLD_COLLATION_CONNECTION=@@COLLATION_CONNECTION */;
/*!40101 SET NAMES utf8 */;
/*!40103 SET @OLD_TIME_ZONE=@@TIME_ZONE */;
/*!40103 SET TIME_ZONE='+00:00' */;
/*!40014 SET @OLD_UNIQUE_CHECKS=@@UNIQUE_CHECKS, UNIQUE_CHECKS=0 */;
/*!40014 SET @OLD_FOREIGN_KEY_CHECKS=@@FOREIGN_KEY_CHECKS, FOREIGN_KEY_CHECKS=0 */;
/*!40101 SET @OLD_SQL_MODE=@@SQL_MODE, SQL_MODE='NO_AUTO_VALUE_ON_ZERO' */;
/*!40111 SET @OLD_SQL_NOTES=@@SQL_NOTES, SQL_NOTES=0 */;

--
-- Table structure for table `categories`
--

DROP TABLE IF EXISTS `categories`;
/*!40101 SET @saved_cs_client     = @@character_set_client */;
/*!40101 SET character_set_client = utf8 */;
CREATE TABLE `categories` (
  `categoryId` int(11) NOT NULL AUTO_INCREMENT,
  `categoryName` tinytext,
  `description` mediumtext,
  PRIMARY KEY (`categoryId`)
) ENGINE=InnoDB AUTO_INCREMENT=9 DEFAULT CHARSET=latin1;
/*!40101 SET character_set_client = @saved_cs_client */;

--
-- Dumping data for table `categories`
--

LOCK TABLES `categories` WRITE;
/*!40000 ALTER TABLE `categories` DISABLE KEYS */;
INSERT INTO `categories` VALUES (1,'Beverages','Soft drinks coffee teas beers and ales\r'),(2,'Condiments','Sweet and savory sauces relishes spreads and seasonings\r'),(3,'Confections','Desserts candies and sweet breads\r'),(4,'Dairy Products','Cheeses\r'),(5,'Grains/Cereals','Breads crackers pasta and cereal\r'),(6,'Meat/Poultry','Prepared meats\r'),(7,'Produce','Dried fruit and bean curd\r'),(8,'Seafood','Seaweed and fish\r');
/*!40000 ALTER TABLE `categories` ENABLE KEYS */;
UNLOCK TABLES;

--
-- Table structure for table `customerCustomerDemo`
--

DROP TABLE IF EXISTS `customerCustomerDemo`;
/*!40101 SET @saved_cs_client     = @@character_set_client */;
/*!40101 SET character_set_client = utf8 */;
CREATE TABLE `customerCustomerDemo` (
  `customerId` varchar(255) NOT NULL,
  `customerTypeId` varchar(255) DEFAULT NULL,
  PRIMARY KEY (`customerId`),
  KEY `customerTypeId` (`customerTypeId`),
  CONSTRAINT `customerCustomerDemo_ibfk_1` FOREIGN KEY (`customerTypeId`) REFERENCES `customerDemographics` (`customerTypeId`)
) ENGINE=InnoDB DEFAULT CHARSET=latin1;
/*!40101 SET character_set_client = @saved_cs_client */;

--
-- Dumping data for table `customerCustomerDemo`
--

LOCK TABLES `customerCustomerDemo` WRITE;
/*!40000 ALTER TABLE `customerCustomerDemo` DISABLE KEYS */;
/*!40000 ALTER TABLE `customerCustomerDemo` ENABLE KEYS */;
UNLOCK TABLES;

--
-- Table structure for table `customerDemographics`
--

DROP TABLE IF EXISTS `customerDemographics`;
/*!40101 SET @saved_cs_client     = @@character_set_client */;
/*!40101 SET character_set_client = utf8 */;
CREATE TABLE `customerDemographics` (
  `customerTypeId` varchar(255) NOT NULL,
  `cutomerDesc` mediumtext,
  PRIMARY KEY (`customerTypeId`)
) ENGINE=InnoDB DEFAULT CHARSET=latin1;
/*!40101 SET character_set_client = @saved_cs_client */;

--
-- Dumping data for table `customerDemographics`
--

LOCK TABLES `customerDemographics` WRITE;
/*!40000 ALTER TABLE `customerDemographics` DISABLE KEYS */;
/*!40000 ALTER TABLE `customerDemographics` ENABLE KEYS */;
UNLOCK TABLES;

--
-- Table structure for table `customers`
--

DROP TABLE IF EXISTS `customers`;
/*!40101 SET @saved_cs_client     = @@character_set_client */;
/*!40101 SET character_set_client = utf8 */;
CREATE TABLE `customers` (
  `customerId` varchar(255) NOT NULL,
  `companyName` tinytext,
  `contactName` tinytext,
  `contactTitle` tinytext,
  `address` tinytext,
  `city` tinytext,
  `region` tinytext,
  `postalCode` tinytext,
  `country` tinytext,
  `phone` tinytext,
  `fax` tinytext,
  PRIMARY KEY (`customerId`)
) ENGINE=InnoDB DEFAULT CHARSET=latin1;
/*!40101 SET character_set_client = @saved_cs_client */;

--
-- Dumping data for table `customers`
--

LOCK TABLES `customers` WRITE;
/*!40000 ALTER TABLE `customers` DISABLE KEYS */;
INSERT INTO `customers` VALUES ('ALFKI','Alfreds Futterkiste','Maria Anders','Sales Representative','Obere Str. 57','Berlin',NULL,'12209','Germany','030-0074321','030-0076545'),('ANATR','Ana Trujillo Emparedados y helados','Ana Trujillo','Owner','Avda. de la Constitución 2222','México D.F.',NULL,'05021','Mexico','(5) 555-4729','(5) 555-3745'),('ANTON','Antonio Moreno Taquería','Antonio Moreno','Owner','Mataderos  2312','México D.F.',NULL,'05023','Mexico','(5) 555-3932',NULL),('AROUT','Around the Horn','Thomas Hardy','Sales Representative','120 Hanover Sq.','London',NULL,'WA1 1DP','UK','(171) 555-7788','(171) 555-6750'),('BERGS','Berglunds snabbköp','Christina Berglund','Order Administrator','Berguvsvägen  8','Luleå',NULL,'S-958 22','Sweden','0921-12 34 65','0921-12 34 67'),('BLAUS','Blauer See Delikatessen','Hanna Moos','Sales Representative','Forsterstr. 57','Mannheim',NULL,'68306','Germany','0621-08460','0621-08924'),('BLONP','Blondesddsl père et fils','Frédérique Citeaux','Marketing Manager','24 place Kléber','Strasbourg',NULL,'67000','France','88.60.15.31','88.60.15.32'),('BOLID','Bólido Comidas preparadas','Martín Sommer','Owner','C/ Araquil 67','Madrid',NULL,'28023','Spain','(91) 555 22 82','(91) 555 91 99'),('BONAP','Bon app\'','Laurence Lebihan','Owner','12 rue des Bouchers','Marseille',NULL,'13008','France','91.24.45.40','91.24.45.41'),('BOTTM','Bottom-Dollar Markets','Elizabeth Lincoln','Accounting Manager','23 Tsawassen Blvd.','Tsawassen','BC','T2F 8M4','Canada','(604) 555-4729','(604) 555-3745'),('BSBEV','B\'s Beverages','Victoria Ashworth','Sales Representative','Fauntleroy Circus','London',NULL,'EC2 5NT','UK','(171) 555-1212',NULL),('CACTU','Cactus Comidas para llevar','Patricio Simpson','Sales Agent','Cerrito 333','Buenos Aires',NULL,'1010','Argentina','(1) 135-5555','(1) 135-4892'),('CENTC','Centro comercial Moctezuma','Francisco Chang','Marketing Manager','Sierras de Granada 9993','México D.F.',NULL,'05022','Mexico','(5) 555-3392','(5) 555-7293'),('CHOPS','Chop-suey Chinese','Yang Wang','Owner','Hauptstr. 29','Bern',NULL,'3012','Switzerland','0452-076545',NULL),('COMMI','Comércio Mineiro','Pedro Afonso','Sales Associate','Av. dos Lusíadas 23','Sao Paulo','SP','05432-043','Brazil','(11) 555-7647',NULL),('CONSH','Consolidated Holdings','Elizabeth Brown','Sales Representative','Berkeley Gardens 12  Brewery','London',NULL,'WX1 6LT','UK','(171) 555-2282','(171) 555-9199'),('DRACD','Drachenblut Delikatessen','Sven Ottlieb','Order Administrator','Walserweg 21','Aachen',NULL,'52066','Germany','0241-039123','0241-059428'),('DUMON','Du monde entier','Janine Labrune','Owner','67 rue des Cinquante Otages','Nantes',NULL,'44000','France','40.67.88.88','40.67.89.89'),('EASTC','Eastern Connection','Ann Devon','Sales Agent','35 King George','London',NULL,'WX3 6FW','UK','(171) 555-0297','(171) 555-3373'),('ERNSH','Ernst Handel','Roland Mendel','Sales Manager','Kirchgasse 6','Graz',NULL,'8010','Austria','7675-3425','7675-3426'),('FAMIA','Familia Arquibaldo','Aria Cruz','Marketing Assistant','Rua Orós 92','Sao Paulo','SP','05442-030','Brazil','(11) 555-9857',NULL),('FISSA','FISSA Fabrica Inter. Salchichas S.A.','Diego Roel','Accounting Manager','C/ Moralzarzal 86','Madrid',NULL,'28034','Spain','(91) 555 94 44','(91) 555 55 93'),('FOLIG','Folies gourmandes','Martine Rancé','Assistant Sales Agent','184 chaussée de Tournai','Lille',NULL,'59000','France','20.16.10.16','20.16.10.17'),('FOLKO','Folk och fä HB','Maria Larsson','Owner','Åkergatan 24','Bräcke',NULL,'S-844 67','Sweden','0695-34 67 21',NULL),('FRANK','Frankenversand','Peter Franken','Marketing Manager','Berliner Platz 43','München',NULL,'80805','Germany','089-0877310','089-0877451'),('FRANR','France restauration','Carine Schmitt','Marketing Manager','54 rue Royale','Nantes',NULL,'44000','France','40.32.21.21','40.32.21.20'),('FRANS','Franchi S.p.A.','Paolo Accorti','Sales Representative','Via Monte Bianco 34','Torino',NULL,'10100','Italy','011-4988260','011-4988261'),('FURIB','Furia Bacalhau e Frutos do Mar','Lino Rodriguez','Sales Manager','Jardim das rosas n. 32','Lisboa',NULL,'1675','Portugal','(1) 354-2534','(1) 354-2535'),('GALED','Galería del gastrónomo','Eduardo Saavedra','Marketing Manager','Rambla de Cataluña 23','Barcelona',NULL,'08022','Spain','(93) 203 4560','(93) 203 4561'),('GODOS','Godos Cocina Típica','José Pedro Freyre','Sales Manager','C/ Romero 33','Sevilla',NULL,'41101','Spain','(95) 555 82 82',NULL),('GOURL','Gourmet Lanchonetes','André Fonseca','Sales Associate','Av. Brasil 442','Campinas','SP','04876-786','Brazil','(11) 555-9482',NULL),('GREAL','Great Lakes Food Market','Howard Snyder','Marketing Manager','2732 Baker Blvd.','Eugene','OR','97403','USA','(503) 555-7555',NULL),('GROSR','GROSELLA-Restaurante','Manuel Pereira','Owner','5ª Ave. Los Palos Grandes','Caracas','DF','1081','Venezuela','(2) 283-2951','(2) 283-3397'),('HANAR','Hanari Carnes','Mario Pontes','Accounting Manager','Rua do Paço 67','Rio de Janeiro','RJ','05454-876','Brazil','(21) 555-0091','(21) 555-8765'),('HILAA','HILARION-Abastos','Carlos Hernández','Sales Representative','Carrera 22 con Ave. Carlos Soublette #8-35','San Cristóbal','Táchira','5022','Venezuela','(5) 555-1340','(5) 555-1948'),('HUNGC','Hungry Coyote Import Store','Yoshi Latimer','Sales Representative','City Center Plaza 516 Main St.','Elgin','OR','97827','USA','(503) 555-6874','(503) 555-2376'),('HUNGO','Hungry Owl All-Night Grocers','Patricia McKenna','Sales Associate','8 Johnstown Road','Cork','Co. Cork',NULL,'Ireland','2967 542','2967 3333'),('ISLAT','Island Trading','Helen Bennett','Marketing Manager','Garden House Crowther Way','Cowes','Isle of Wight','PO31 7PJ','UK','(198) 555-8888',NULL),('KOENE','Königlich Essen','Philip Cramer','Sales Associate','Maubelstr. 90','Brandenburg',NULL,'14776','Germany','0555-09876',NULL),('LACOR','La corne d\'abondance','Daniel Tonini','Sales Representative','67 avenue de l\'Europe','Versailles',NULL,'78000','France','30.59.84.10','30.59.85.11'),('LAMAI','La maison d\'Asie','Annette Roulet','Sales Manager','1 rue Alsace-Lorraine','Toulouse',NULL,'31000','France','61.77.61.10','61.77.61.11'),('LAUGB','Laughing Bacchus Wine Cellars','Yoshi Tannamuri','Marketing Assistant','1900 Oak St.','Vancouver','BC','V3F 2K1','Canada','(604) 555-3392','(604) 555-7293'),('LAZYK','Lazy K Kountry Store','John Steel','Marketing Manager','12 Orchestra Terrace','Walla Walla','WA','99362','USA','(509) 555-7969','(509) 555-6221'),('LEHMS','Lehmanns Marktstand','Renate Messner','Sales Representative','Magazinweg 7','Frankfurt a.M.',NULL,'60528','Germany','069-0245984','069-0245874'),('LETSS','Let\'s Stop N Shop','Jaime Yorres','Owner','87 Polk St. Suite 5','San Francisco','CA','94117','USA','(415) 555-5938',NULL),('LILAS','LILA-Supermercado','Carlos González','Accounting Manager','Carrera 52 con Ave. Bolívar #65-98 Llano Largo','Barquisimeto','Lara','3508','Venezuela','(9) 331-6954','(9) 331-7256'),('LINOD','LINO-Delicateses','Felipe Izquierdo','Owner','Ave. 5 de Mayo Porlamar','I. de Margarita','Nueva Esparta','4980','Venezuela','(8) 34-56-12','(8) 34-93-93'),('LONEP','Lonesome Pine Restaurant','Fran Wilson','Sales Manager','89 Chiaroscuro Rd.','Portland','OR','97219','USA','(503) 555-9573','(503) 555-9646'),('MAGAA','Magazzini Alimentari Riuniti','Giovanni Rovelli','Marketing Manager','Via Ludovico il Moro 22','Bergamo',NULL,'24100','Italy','035-640230','035-640231'),('MAISD','Maison Dewey','Catherine Dewey','Sales Agent','Rue Joseph-Bens 532','Bruxelles',NULL,'B-1180','Belgium','(02) 201 24 67','(02) 201 24 68'),('MEREP','Mère Paillarde','Jean Fresnière','Marketing Assistant','43 rue St. Laurent','Montréal','Québec','H1J 1C3','Canada','(514) 555-8054','(514) 555-8055'),('MORGK','Morgenstern Gesundkost','Alexander Feuer','Marketing Assistant','Heerstr. 22','Leipzig',NULL,'04179','Germany','0342-023176',NULL),('NORTS','North/South','Simon Crowther','Sales Associate','South House 300 Queensbridge','London',NULL,'SW7 1RZ','UK','(171) 555-7733','(171) 555-2530'),('OCEAN','Océano Atlántico Ltda.','Yvonne Moncada','Sales Agent','Ing. Gustavo Moncada 8585 Piso 20-A','Buenos Aires',NULL,'1010','Argentina','(1) 135-5333','(1) 135-5535'),('OLDWO','Old World Delicatessen','Rene Phillips','Sales Representative','2743 Bering St.','Anchorage','AK','99508','USA','(907) 555-7584','(907) 555-2880'),('OTTIK','Ottilies Käseladen','Henriette Pfalzheim','Owner','Mehrheimerstr. 369','Köln',NULL,'50739','Germany','0221-0644327','0221-0765721'),('PARIS','Paris spécialités','Marie Bertrand','Owner','265 boulevard Charonne','Paris',NULL,'75012','France','(1) 42.34.22.66','(1) 42.34.22.77'),('PERIC','Pericles Comidas clásicas','Guillermo Fernández','Sales Representative','Calle Dr. Jorge Cash 321','México D.F.',NULL,'05033','Mexico','(5) 552-3745','(5) 545-3745'),('PICCO','Piccolo und mehr','Georg Pipps','Sales Manager','Geislweg 14','Salzburg',NULL,'5020','Austria','6562-9722','6562-9723'),('PRINI','Princesa Isabel Vinhos','Isabel de Castro','Sales Representative','Estrada da saúde n. 58','Lisboa',NULL,'1756','Portugal','(1) 356-5634',NULL),('QUEDE','Que Delícia','Bernardo Batista','Accounting Manager','Rua da Panificadora 12','Rio de Janeiro','RJ','02389-673','Brazil','(21) 555-4252','(21) 555-4545'),('QUEEN','Queen Cozinha','Lúcia Carvalho','Marketing Assistant','Alameda dos Canàrios 891','Sao Paulo','SP','05487-020','Brazil','(11) 555-1189',NULL),('QUICK','QUICK-Stop','Horst Kloss','Accounting Manager','Taucherstraße 10','Cunewalde',NULL,'01307','Germany','0372-035188',NULL),('RANCH','Rancho grande','Sergio Gutiérrez','Sales Representative','Av. del Libertador 900','Buenos Aires',NULL,'1010','Argentina','(1) 123-5555','(1) 123-5556'),('RATTC','Rattlesnake Canyon Grocery','Paula Wilson','Assistant Sales Representative','2817 Milton Dr.','Albuquerque','NM','87110','USA','(505) 555-5939','(505) 555-3620'),('REGGC','Reggiani Caseifici','Maurizio Moroni','Sales Associate','Strada Provinciale 124','Reggio Emilia',NULL,'42100','Italy','0522-556721','0522-556722'),('RICAR','Ricardo Adocicados','Janete Limeira','Assistant Sales Agent','Av. Copacabana 267','Rio de Janeiro','RJ','02389-890','Brazil','(21) 555-3412',NULL),('RICSU','Richter Supermarkt','Michael Holz','Sales Manager','Grenzacherweg 237','Genève',NULL,'1203','Switzerland','0897-034214',NULL),('ROMEY','Romero y tomillo','Alejandra Camino','Accounting Manager','Gran Vía 1','Madrid',NULL,'28001','Spain','(91) 745 6200','(91) 745 6210'),('SANTG','Santé Gourmet','Jonas Bergulfsen','Owner','Erling Skakkes gate 78','Stavern',NULL,'4110','Norway','07-98 92 35','07-98 92 47'),('SAVEA','Save-a-lot Markets','Jose Pavarotti','Sales Representative','187 Suffolk Ln.','Boise','ID','83720','USA','(208) 555-8097',NULL),('SEVES','Seven Seas Imports','Hari Kumar','Sales Manager','90 Wadhurst Rd.','London',NULL,'OX15 4NB','UK','(171) 555-1717','(171) 555-5646'),('SIMOB','Simons bistro','Jytte Petersen','Owner','Vinbæltet 34','Kobenhavn',NULL,'1734','Denmark','31 12 34 56','31 13 35 57'),('SPECD','Spécialités du monde','Dominique Perrier','Marketing Manager','25 rue Lauriston','Paris',NULL,'75016','France','(1) 47.55.60.10','(1) 47.55.60.20'),('SPLIR','Split Rail Beer & Ale','Art Braunschweiger','Sales Manager','P.O. Box 555','Lander','WY','82520','USA','(307) 555-4680','(307) 555-6525'),('SUPRD','Suprêmes délices','Pascale Cartrain','Accounting Manager','Boulevard Tirou 255','Charleroi',NULL,'B-6000','Belgium','(071) 23 67 22 20','(071) 23 67 22 21'),('THEBI','The Big Cheese','Liz Nixon','Marketing Manager','89 Jefferson Way Suite 2','Portland','OR','97201','USA','(503) 555-3612',NULL),('THECR','The Cracker Box','Liu Wong','Marketing Assistant','55 Grizzly Peak Rd.','Butte','MT','59801','USA','(406) 555-5834','(406) 555-8083'),('TOMSP','Toms Spezialitäten','Karin Josephs','Marketing Manager','Luisenstr. 48','Münster',NULL,'44087','Germany','0251-031259','0251-035695'),('TORTU','Tortuga Restaurante','Miguel Angel Paolino','Owner','Avda. Azteca 123','México D.F.',NULL,'05033','Mexico','(5) 555-2933',NULL),('TRADH','Tradição Hipermercados','Anabela Domingues','Sales Representative','Av. Inês de Castro 414','Sao Paulo','SP','05634-030','Brazil','(11) 555-2167','(11) 555-2168'),('TRAIH','Trail\'s Head Gourmet Provisioners','Helvetius Nagy','Sales Associate','722 DaVinci Blvd.','Kirkland','WA','98034','USA','(206) 555-8257','(206) 555-2174'),('VAFFE','Vaffeljernet','Palle Ibsen','Sales Manager','Smagsloget 45','Århus',NULL,'8200','Denmark','86 21 32 43','86 22 33 44'),('VICTE','Victuailles en stock','Mary Saveley','Sales Agent','2 rue du Commerce','Lyon',NULL,'69004','France','78.32.54.86','78.32.54.87'),('VINET','Vins et alcools Chevalier','Paul Henriot','Accounting Manager','59 rue de l\'Abbaye','Reims',NULL,'51100','France','26.47.15.10','26.47.15.11'),('WANDK','Die Wandernde Kuh','Rita Müller','Sales Representative','Adenauerallee 900','Stuttgart',NULL,'70563','Germany','0711-020361','0711-035428'),('WARTH','Wartian Herkku','Pirkko Koskitalo','Accounting Manager','Torikatu 38','Oulu',NULL,'90110','Finland','981-443655','981-443655'),('WELLI','Wellington Importadora','Paula Parente','Sales Manager','Rua do Mercado 12','Resende','SP','08737-363','Brazil','(14) 555-8122',NULL),('WHITC','White Clover Markets','Karl Jablonski','Owner','305 - 14th Ave. S. Suite 3B','Seattle','WA','98128','USA','(206) 555-4112','(206) 555-4115'),('WILMK','Wilman Kala','Matti Karttunen','Owner/Marketing Assistant','Keskuskatu 45','Helsinki',NULL,'21240','Finland','90-224 8858','90-224 8858'),('WOLZA','Wolski  Zajazd','Zbyszek Piestrzeniewicz','Owner','ul. Filtrowa 68','Warszawa',NULL,'01-012','Poland','(26) 642-7012','(26) 642-7012');
/*!40000 ALTER TABLE `customers` ENABLE KEYS */;
UNLOCK TABLES;

--
-- Table structure for table `employeeTerritories`
--

DROP TABLE IF EXISTS `employeeTerritories`;
/*!40101 SET @saved_cs_client     = @@character_set_client */;
/*!40101 SET character_set_client = utf8 */;
CREATE TABLE `employeeTerritories` (
  `employeeId` int(11) NOT NULL AUTO_INCREMENT,
  `territoryId` varchar(255) DEFAULT NULL,
  KEY `employeeId` (`employeeId`),
  KEY `territoryId` (`territoryId`),
  CONSTRAINT `employeeTerritories_ibfk_1` FOREIGN KEY (`employeeId`) REFERENCES `employees` (`employeeId`),
  CONSTRAINT `employeeTerritories_ibfk_2` FOREIGN KEY (`territoryId`) REFERENCES `territories` (`territoryId`)
) ENGINE=InnoDB AUTO_INCREMENT=10 DEFAULT CHARSET=latin1;
/*!40101 SET character_set_client = @saved_cs_client */;

--
-- Dumping data for table `employeeTerritories`
--

LOCK TABLES `employeeTerritories` WRITE;
/*!40000 ALTER TABLE `employeeTerritories` DISABLE KEYS */;
INSERT INTO `employeeTerritories` VALUES (1,'06897'),(1,'19713'),(2,'01581'),(2,'01730'),(2,'01833'),(2,'02116'),(2,'02139'),(2,'02184'),(2,'40222'),(3,'30346'),(3,'31406'),(3,'32859'),(3,'33607'),(4,'20852'),(4,'27403'),(4,'27511'),(5,'02903'),(5,'07960'),(5,'08837'),(5,'10019'),(5,'10038'),(5,'11747'),(5,'14450'),(6,'85014'),(6,'85251'),(6,'98004'),(6,'98052'),(6,'98104'),(7,'60179'),(7,'60601'),(7,'80202'),(7,'80909'),(7,'90405'),(7,'94025'),(7,'94105'),(7,'95008'),(7,'95054'),(7,'95060'),(8,'19428'),(8,'44122'),(8,'45839'),(8,'53404'),(9,'03049'),(9,'03801'),(9,'48075'),(9,'48084'),(9,'48304'),(9,'55113'),(9,'55439');
/*!40000 ALTER TABLE `employeeTerritories` ENABLE KEYS */;
UNLOCK TABLES;

--
-- Table structure for table `employees`
--

DROP TABLE IF EXISTS `employees`;
/*!40101 SET @saved_cs_client     = @@character_set_client */;
/*!40101 SET character_set_client = utf8 */;
CREATE TABLE `employees` (
  `employeeId` int(11) NOT NULL AUTO_INCREMENT,
  `lastName` tinytext,
  `firstName` tinytext,
  `title` tinytext,
  `titleOfCourtesy` tinytext,
  `birthDate` date DEFAULT NULL,
  `hireDate` date DEFAULT NULL,
  `address` tinytext,
  `city` tinytext,
  `region` tinytext,
  `postalCode` tinytext,
  `country` tinytext,
  `homePhone` tinytext,
  `extension` tinytext,
  `notes` mediumtext,
  `reportsTo` int(11) DEFAULT NULL,
  `photoPath` tinytext,
  `salary` float DEFAULT NULL,
  PRIMARY KEY (`employeeId`)
) ENGINE=InnoDB AUTO_INCREMENT=10 DEFAULT CHARSET=latin1;
/*!40101 SET character_set_client = @saved_cs_client */;

--
-- Dumping data for table `employees`
--

LOCK TABLES `employees` WRITE;
/*!40000 ALTER TABLE `employees` DISABLE KEYS */;
INSERT INTO `employees` VALUES (1,'Davolio','Nancy','Sales Representative','Ms.','1948-12-08','1992-05-01','507 - 20th Ave. E.Apt. 2A','Seattle','WA','98122','USA','(206) 555-9857','5467','Education includes a BA in psychology from Colorado State University in 1970.  She also completed \"The Art of the Cold Call.\"  Nancy is a member of Toastmasters International.',2,'http://accweb/emmployees/davolio.bmp',120000),(2,'Fuller','Andrew','Vice President Sales','Dr.','1952-02-19','1992-08-14','908 W. Capital Way','Tacoma','WA','98401','USA','(206) 555-9482','3457','Andrew received his BTS commercial in 1974 and a Ph.D. in international marketing from the University of Dallas in 1981.  He is fluent in French and Italian and reads German.  He joined the company as a sales representative was promoted to sales manager i',NULL,'http://accweb/emmployees/fuller.bmp',200000),(3,'Leverling','Janet','Sales Representative','Ms.','1963-08-30','1992-04-01','722 Moss Bay Blvd.','Kirkland','WA','98033','USA','(206) 555-3412','3355','Janet has a BS degree in chemistry from Boston College (1984).  She has also completed a certificate program in food retailing management.  Janet was hired as a sales associate in 1991 and promoted to sales representative in February 1992.',2,'http://accweb/emmployees/leverling.bmp',125000),(4,'Peacock','Margaret','Sales Representative','Mrs.','1937-09-19','1993-05-03','4110 Old Redmond Rd.','Redmond','WA','98052','USA','(206) 555-8122','5176','Margaret holds a BA in English literature from Concordia College (1958) and an MA from the American Institute of Culinary Arts (1966).  She was assigned to the London office temporarily from July through November 1992.',2,'http://accweb/emmployees/peacock.bmp',100000),(5,'Buchanan','Steven','Sales Manager','Mr.','1955-03-04','1993-10-17','14 Garrett Hill','London',NULL,'SW1 8JR','UK','(71) 555-4848','3453','Steven Buchanan graduated from St. Andrews University Scotland with a BSC degree in 1976.  Upon joining the company as a sales representative in 1992. he spent 6 months in an orientation program at the Seattle office and then returned to his permanent po',2,'http://accweb/emmployees/buchanan.bmp',100000),(6,'Suyama','Michael','Sales Representative','Mr.','1963-07-02','1993-10-17','Coventry HouseMiner Rd.','London',NULL,'EC2 7JR','UK','(71) 555-7773','428','Michael is a graduate of Sussex University (MA economics 1983) and the University of California at Los Angeles (MBA marketing 1986).  He has also taken the courses \"Multi-Cultural Selling\" and \"Time Management for the Sales Professional.\"  He is fluent',5,'http://accweb/emmployees/davolio.bmp',140000),(7,'King','Robert','Sales Representative','Mr.','1960-05-29','1994-01-02','Edgeham HollowWinchester Way','London',NULL,'RG1 9SP','UK','(71) 555-5598','465','Robert King served in the Peace Corps and traveled extensively before completing his degree in English at the University of Michigan in 1992 the year he joined the company.  After completing a course entitled \"Selling in Europe\" he was transferred to the',5,'http://accweb/emmployees/davolio.bmp',240000),(8,'Callahan','Laura','Inside Sales Coordinator','Ms.','1958-01-09','1994-03-05','4726 - 11th Ave. N.E.','Seattle','WA','98105','USA','(206) 555-1189','2344','Laura received a BA in psychology from the University of Washington.  She has also completed a course in business French.  She reads and writes French.',2,'http://accweb/emmployees/davolio.bmp',300000),(9,'Dodsworth','Anne','Sales Representative','Ms.','1966-01-27','1994-11-15','7 Houndstooth Rd.','London',NULL,'WG2 7LT','UK','(71) 555-4444','452','Anne has a BA degree in English from St. Lawrence College.  She is fluent in French and German.',5,'http://accweb/emmployees/davolio.bmp',220000);
/*!40000 ALTER TABLE `employees` ENABLE KEYS */;
UNLOCK TABLES;

--
-- Table structure for table `orderDetails`
--

DROP TABLE IF EXISTS `orderDetails`;
/*!40101 SET @saved_cs_client     = @@character_set_client */;
/*!40101 SET character_set_client = utf8 */;
CREATE TABLE `orderDetails` (
  `orderId` int(11) NOT NULL,
  `productId` int(11) NOT NULL,
  `unitPrice` decimal(10,4) DEFAULT NULL,
  `quantity` smallint(2) DEFAULT NULL,
  `discount` double(8,0) DEFAULT NULL,
  PRIMARY KEY (`orderId`,`productId`),
  KEY `productId` (`productId`),
  CONSTRAINT `orderDetails_ibfk_1` FOREIGN KEY (`productId`) REFERENCES `products` (`productId`)
) ENGINE=InnoDB DEFAULT CHARSET=latin1;
/*!40101 SET character_set_client = @saved_cs_client */;

--
-- Dumping data for table `orderDetails`
--

LOCK TABLES `orderDetails` WRITE;
/*!40000 ALTER TABLE `orderDetails` DISABLE KEYS */;
INSERT INTO `orderDetails` VALUES (10248,11,14.0000,12,0),(10248,42,9.8000,10,0),(10248,72,34.8000,5,0),(10249,14,18.6000,9,0),(10249,51,42.4000,40,0),(10250,41,7.7000,10,0),(10250,51,42.4000,35,0),(10250,65,16.8000,15,0),(10251,22,16.8000,6,0),(10251,57,15.6000,15,0),(10251,65,16.8000,20,0),(10252,20,64.8000,40,0),(10252,33,2.0000,25,0),(10252,60,27.2000,40,0),(10253,31,10.0000,20,0),(10253,39,14.4000,42,0),(10253,49,16.0000,40,0),(10254,24,3.6000,15,0),(10254,55,19.2000,21,0),(10254,74,8.0000,21,0),(10255,2,15.2000,20,0),(10255,16,13.9000,35,0),(10255,36,15.2000,25,0),(10255,59,44.0000,30,0),(10256,53,26.2000,15,0),(10256,77,10.4000,12,0),(10257,27,35.1000,25,0),(10257,39,14.4000,6,0),(10257,77,10.4000,15,0),(10258,2,15.2000,50,0),(10258,5,17.0000,65,0),(10258,32,25.6000,6,0),(10259,21,8.0000,10,0),(10259,37,20.8000,1,0),(10260,41,7.7000,16,0),(10260,57,15.6000,50,0),(10260,62,39.4000,15,0),(10260,70,12.0000,21,0),(10261,21,8.0000,20,0),(10261,35,14.4000,20,0),(10262,5,17.0000,12,0),(10262,7,24.0000,15,0),(10262,56,30.4000,2,0),(10263,16,13.9000,60,0),(10263,24,3.6000,28,0),(10263,30,20.7000,60,0),(10263,74,8.0000,36,0),(10264,2,15.2000,35,0),(10264,41,7.7000,25,0),(10265,17,31.2000,30,0),(10265,70,12.0000,20,0),(10266,12,30.4000,12,0),(10267,40,14.7000,50,0),(10267,59,44.0000,70,0),(10267,76,14.4000,15,0),(10268,29,99.0000,10,0),(10268,72,27.8000,4,0),(10269,33,2.0000,60,0),(10269,72,27.8000,20,0),(10270,36,15.2000,30,0),(10270,43,36.8000,25,0),(10271,33,2.0000,24,0),(10272,20,64.8000,6,0),(10272,31,10.0000,40,0),(10272,72,27.8000,24,0),(10273,10,24.8000,24,0),(10273,31,10.0000,15,0),(10273,33,2.0000,20,0),(10273,40,14.7000,60,0),(10273,76,14.4000,33,0),(10274,71,17.2000,20,0),(10274,72,27.8000,7,0),(10275,24,3.6000,12,0),(10275,59,44.0000,6,0),(10276,10,24.8000,15,0),(10276,13,4.8000,10,0),(10277,28,36.4000,20,0),(10277,62,39.4000,12,0),(10278,44,15.5000,16,0),(10278,59,44.0000,15,0),(10278,63,35.1000,8,0),(10278,73,12.0000,25,0),(10279,17,31.2000,15,0),(10280,24,3.6000,12,0),(10280,55,19.2000,20,0),(10280,75,6.2000,30,0),(10281,19,7.3000,1,0),(10281,24,3.6000,6,0),(10281,35,14.4000,4,0),(10282,30,20.7000,6,0),(10282,57,15.6000,2,0),(10283,15,12.4000,20,0),(10283,19,7.3000,18,0),(10283,60,27.2000,35,0),(10283,72,27.8000,3,0),(10284,27,35.1000,15,0),(10284,44,15.5000,21,0),(10284,60,27.2000,20,0),(10284,67,11.2000,5,0),(10285,1,14.4000,45,0),(10285,40,14.7000,40,0),(10285,53,26.2000,36,0),(10286,35,14.4000,100,0),(10286,62,39.4000,40,0),(10287,16,13.9000,40,0),(10287,34,11.2000,20,0),(10287,46,9.6000,15,0),(10288,54,5.9000,10,0),(10288,68,10.0000,3,0),(10289,3,8.0000,30,0),(10289,64,26.6000,9,0),(10290,5,17.0000,20,0),(10290,29,99.0000,15,0),(10290,49,16.0000,15,0),(10290,77,10.4000,10,0),(10291,13,4.8000,20,0),(10291,44,15.5000,24,0),(10291,51,42.4000,2,0),(10292,20,64.8000,20,0),(10293,18,50.0000,12,0),(10293,24,3.6000,10,0),(10293,63,35.1000,5,0),(10293,75,6.2000,6,0),(10294,1,14.4000,18,0),(10294,17,31.2000,15,0),(10294,43,36.8000,15,0),(10294,60,27.2000,21,0),(10294,75,6.2000,6,0),(10295,56,30.4000,4,0),(10296,11,16.8000,12,0),(10296,16,13.9000,30,0),(10296,69,28.8000,15,0),(10297,39,14.4000,60,0),(10297,72,27.8000,20,0),(10298,2,15.2000,40,0),(10298,36,15.2000,40,0),(10298,59,44.0000,30,0),(10298,62,39.4000,15,0),(10299,19,7.3000,15,0),(10299,70,12.0000,20,0),(10300,66,13.6000,30,0),(10300,68,10.0000,20,0),(10301,40,14.7000,10,0),(10301,56,30.4000,20,0),(10302,17,31.2000,40,0),(10302,28,36.4000,28,0),(10302,43,36.8000,12,0),(10303,40,14.7000,40,0),(10303,65,16.8000,30,0),(10303,68,10.0000,15,0),(10304,49,16.0000,30,0),(10304,59,44.0000,10,0),(10304,71,17.2000,2,0),(10305,18,50.0000,25,0),(10305,29,99.0000,25,0),(10305,39,14.4000,30,0),(10306,30,20.7000,10,0),(10306,53,26.2000,10,0),(10306,54,5.9000,5,0),(10307,62,39.4000,10,0),(10307,68,10.0000,3,0),(10308,69,28.8000,1,0),(10308,70,12.0000,5,0),(10309,4,17.6000,20,0),(10309,6,20.0000,30,0),(10309,42,11.2000,2,0),(10309,43,36.8000,20,0),(10309,71,17.2000,3,0),(10310,16,13.9000,10,0),(10310,62,39.4000,5,0),(10311,42,11.2000,6,0),(10311,69,28.8000,7,0),(10312,28,36.4000,4,0),(10312,43,36.8000,24,0),(10312,53,26.2000,20,0),(10312,75,6.2000,10,0),(10313,36,15.2000,12,0),(10314,32,25.6000,40,0),(10314,58,10.6000,30,0),(10314,62,39.4000,25,0),(10315,34,11.2000,14,0),(10315,70,12.0000,30,0),(10316,41,7.7000,10,0),(10316,62,39.4000,70,0),(10317,1,14.4000,20,0),(10318,41,7.7000,20,0),(10318,76,14.4000,6,0),(10319,17,31.2000,8,0),(10319,28,36.4000,14,0),(10319,76,14.4000,30,0),(10320,71,17.2000,30,0),(10321,35,14.4000,10,0),(10322,52,5.6000,20,0),(10323,15,12.4000,5,0),(10323,25,11.2000,4,0),(10323,39,14.4000,4,0),(10324,16,13.9000,21,0),(10324,35,14.4000,70,0),(10324,46,9.6000,30,0),(10324,59,44.0000,40,0),(10324,63,35.1000,80,0),(10325,6,20.0000,6,0),(10325,13,4.8000,12,0),(10325,14,18.6000,9,0),(10325,31,10.0000,4,0),(10325,72,27.8000,40,0),(10326,4,17.6000,24,0),(10326,57,15.6000,16,0),(10326,75,6.2000,50,0),(10327,2,15.2000,25,0),(10327,11,16.8000,50,0),(10327,30,20.7000,35,0),(10327,58,10.6000,30,0),(10328,59,44.0000,9,0),(10328,65,16.8000,40,0),(10328,68,10.0000,10,0),(10329,19,7.3000,10,0),(10329,30,20.7000,8,0),(10329,38,210.8000,20,0),(10329,56,30.4000,12,0),(10330,26,24.9000,50,0),(10330,72,27.8000,25,0),(10331,54,5.9000,15,0),(10332,18,50.0000,40,0),(10332,42,11.2000,10,0),(10332,47,7.6000,16,0),(10333,14,18.6000,10,0),(10333,21,8.0000,10,0),(10333,71,17.2000,40,0),(10334,52,5.6000,8,0),(10334,68,10.0000,10,0),(10335,2,15.2000,7,0),(10335,31,10.0000,25,0),(10335,32,25.6000,6,0),(10335,51,42.4000,48,0),(10336,4,17.6000,18,0),(10337,23,7.2000,40,0),(10337,26,24.9000,24,0),(10337,36,15.2000,20,0),(10337,37,20.8000,28,0),(10337,72,27.8000,25,0),(10338,17,31.2000,20,0),(10338,30,20.7000,15,0),(10339,4,17.6000,10,0),(10339,17,31.2000,70,0),(10339,62,39.4000,28,0),(10340,18,50.0000,20,0),(10340,41,7.7000,12,0),(10340,43,36.8000,40,0),(10341,33,2.0000,8,0),(10341,59,44.0000,9,0),(10342,2,15.2000,24,0),(10342,31,10.0000,56,0),(10342,36,15.2000,40,0),(10342,55,19.2000,40,0),(10343,64,26.6000,50,0),(10343,68,10.0000,4,0),(10343,76,14.4000,15,0),(10344,4,17.6000,35,0),(10344,8,32.0000,70,0),(10345,8,32.0000,70,0),(10345,19,7.3000,80,0),(10345,42,11.2000,9,0),(10346,17,31.2000,36,0),(10346,56,30.4000,20,0),(10347,25,11.2000,10,0),(10347,39,14.4000,50,0),(10347,40,14.7000,4,0),(10347,75,6.2000,6,0),(10348,1,14.4000,15,0),(10348,23,7.2000,25,0),(10349,54,5.9000,24,0),(10350,50,13.0000,15,0),(10350,69,28.8000,18,0),(10351,38,210.8000,20,0),(10351,41,7.7000,13,0),(10351,44,15.5000,77,0),(10351,65,16.8000,10,0),(10352,24,3.6000,10,0),(10352,54,5.9000,20,0),(10353,11,16.8000,12,0),(10353,38,210.8000,50,0),(10354,1,14.4000,12,0),(10354,29,99.0000,4,0),(10355,24,3.6000,25,0),(10355,57,15.6000,25,0),(10356,31,10.0000,30,0),(10356,55,19.2000,12,0),(10356,69,28.8000,20,0),(10357,10,24.8000,30,0),(10357,26,24.9000,16,0),(10357,60,27.2000,8,0),(10358,24,3.6000,10,0),(10358,34,11.2000,10,0),(10358,36,15.2000,20,0),(10359,16,13.9000,56,0),(10359,31,10.0000,70,0),(10359,60,27.2000,80,0),(10360,28,36.4000,30,0),(10360,29,99.0000,35,0),(10360,38,210.8000,10,0),(10360,49,16.0000,35,0),(10360,54,5.9000,28,0),(10361,39,14.4000,54,0),(10361,60,27.2000,55,0),(10362,25,11.2000,50,0),(10362,51,42.4000,20,0),(10362,54,5.9000,24,0),(10363,31,10.0000,20,0),(10363,75,6.2000,12,0),(10363,76,14.4000,12,0),(10364,69,28.8000,30,0),(10364,71,17.2000,5,0),(10365,11,16.8000,24,0),(10366,65,16.8000,5,0),(10366,77,10.4000,5,0),(10367,34,11.2000,36,0),(10367,54,5.9000,18,0),(10367,65,16.8000,15,0),(10367,77,10.4000,7,0),(10368,21,8.0000,5,0),(10368,28,36.4000,13,0),(10368,57,15.6000,25,0),(10368,64,26.6000,35,0),(10369,29,99.0000,20,0),(10369,56,30.4000,18,0),(10370,1,14.4000,15,0),(10370,64,26.6000,30,0),(10370,74,8.0000,20,0),(10371,36,15.2000,6,0),(10372,20,64.8000,12,0),(10372,38,210.8000,40,0),(10372,60,27.2000,70,0),(10372,72,27.8000,42,0),(10373,58,10.6000,80,0),(10373,71,17.2000,50,0),(10374,31,10.0000,30,0),(10374,58,10.6000,15,0),(10375,14,18.6000,15,0),(10375,54,5.9000,10,0),(10376,31,10.0000,42,0),(10377,28,36.4000,20,0),(10377,39,14.4000,20,0),(10378,71,17.2000,6,0),(10379,41,7.7000,8,0),(10379,63,35.1000,16,0),(10379,65,16.8000,20,0),(10380,30,20.7000,18,0),(10380,53,26.2000,20,0),(10380,60,27.2000,6,0),(10380,70,12.0000,30,0),(10381,74,8.0000,14,0),(10382,5,17.0000,32,0),(10382,18,50.0000,9,0),(10382,29,99.0000,14,0),(10382,33,2.0000,60,0),(10382,74,8.0000,50,0),(10383,13,4.8000,20,0),(10383,50,13.0000,15,0),(10383,56,30.4000,20,0),(10384,20,64.8000,28,0),(10384,60,27.2000,15,0),(10385,7,24.0000,10,0),(10385,60,27.2000,20,0),(10385,68,10.0000,8,0),(10386,24,3.6000,15,0),(10386,34,11.2000,10,0),(10387,24,3.6000,15,0),(10387,28,36.4000,6,0),(10387,59,44.0000,12,0),(10387,71,17.2000,15,0),(10388,45,7.6000,15,0),(10388,52,5.6000,20,0),(10388,53,26.2000,40,0),(10389,10,24.8000,16,0),(10389,55,19.2000,15,0),(10389,62,39.4000,20,0),(10389,70,12.0000,30,0),(10390,31,10.0000,60,0),(10390,35,14.4000,40,0),(10390,46,9.6000,45,0),(10390,72,27.8000,24,0),(10391,13,4.8000,18,0),(10392,69,28.8000,50,0),(10393,2,15.2000,25,0),(10393,14,18.6000,42,0),(10393,25,11.2000,7,0),(10393,26,24.9000,70,0),(10393,31,10.0000,32,0),(10394,13,4.8000,10,0),(10394,62,39.4000,10,0),(10395,46,9.6000,28,0),(10395,53,26.2000,70,0),(10395,69,28.8000,8,0),(10396,23,7.2000,40,0),(10396,71,17.2000,60,0),(10396,72,27.8000,21,0),(10397,21,8.0000,10,0),(10397,51,42.4000,18,0),(10398,35,14.4000,30,0),(10398,55,19.2000,120,0),(10399,68,10.0000,60,0),(10399,71,17.2000,30,0),(10399,76,14.4000,35,0),(10399,77,10.4000,14,0),(10400,29,99.0000,21,0),(10400,35,14.4000,35,0),(10400,49,16.0000,30,0),(10401,30,20.7000,18,0),(10401,56,30.4000,70,0),(10401,65,16.8000,20,0),(10401,71,17.2000,60,0),(10402,23,7.2000,60,0),(10402,63,35.1000,65,0),(10403,16,13.9000,21,0),(10403,48,10.2000,70,0),(10404,26,24.9000,30,0),(10404,42,11.2000,40,0),(10404,49,16.0000,30,0),(10405,3,8.0000,50,0),(10406,1,14.4000,10,0),(10406,21,8.0000,30,0),(10406,28,36.4000,42,0),(10406,36,15.2000,5,0),(10406,40,14.7000,2,0),(10407,11,16.8000,30,0),(10407,69,28.8000,15,0),(10407,71,17.2000,15,0),(10408,37,20.8000,10,0),(10408,54,5.9000,6,0),(10408,62,39.4000,35,0),(10409,14,18.6000,12,0),(10409,21,8.0000,12,0),(10410,33,2.0000,49,0),(10410,59,44.0000,16,0),(10411,41,7.7000,25,0),(10411,44,15.5000,40,0),(10411,59,44.0000,9,0),(10412,14,18.6000,20,0),(10413,1,14.4000,24,0),(10413,62,39.4000,40,0),(10413,76,14.4000,14,0),(10414,19,7.3000,18,0),(10414,33,2.0000,50,0),(10415,17,31.2000,2,0),(10415,33,2.0000,20,0),(10416,19,7.3000,20,0),(10416,53,26.2000,10,0),(10416,57,15.6000,20,0),(10417,38,210.8000,50,0),(10417,46,9.6000,2,0),(10417,68,10.0000,36,0),(10417,77,10.4000,35,0),(10418,2,15.2000,60,0),(10418,47,7.6000,55,0),(10418,61,22.8000,16,0),(10418,74,8.0000,15,0),(10419,60,27.2000,60,0),(10419,69,28.8000,20,0),(10420,9,77.6000,20,0),(10420,13,4.8000,2,0),(10420,70,12.0000,8,0),(10420,73,12.0000,20,0),(10421,19,7.3000,4,0),(10421,26,24.9000,30,0),(10421,53,26.2000,15,0),(10421,77,10.4000,10,0),(10422,26,24.9000,2,0),(10423,31,10.0000,14,0),(10423,59,44.0000,20,0),(10424,35,14.4000,60,0),(10424,38,210.8000,49,0),(10424,68,10.0000,30,0),(10425,55,19.2000,10,0),(10425,76,14.4000,20,0),(10426,56,30.4000,5,0),(10426,64,26.6000,7,0),(10427,14,18.6000,35,0),(10428,46,9.6000,20,0),(10429,50,13.0000,40,0),(10429,63,35.1000,35,0),(10430,17,31.2000,45,0),(10430,21,8.0000,50,0),(10430,56,30.4000,30,0),(10430,59,44.0000,70,0),(10431,17,31.2000,50,0),(10431,40,14.7000,50,0),(10431,47,7.6000,30,0),(10432,26,24.9000,10,0),(10432,54,5.9000,40,0),(10433,56,30.4000,28,0),(10434,11,16.8000,6,0),(10434,76,14.4000,18,0),(10435,2,15.2000,10,0),(10435,22,16.8000,12,0),(10435,72,27.8000,10,0),(10436,46,9.6000,5,0),(10436,56,30.4000,40,0),(10436,64,26.6000,30,0),(10436,75,6.2000,24,0),(10437,53,26.2000,15,0),(10438,19,7.3000,15,0),(10438,34,11.2000,20,0),(10438,57,15.6000,15,0),(10439,12,30.4000,15,0),(10439,16,13.9000,16,0),(10439,64,26.6000,6,0),(10439,74,8.0000,30,0),(10440,2,15.2000,45,0),(10440,16,13.9000,49,0),(10440,29,99.0000,24,0),(10440,61,22.8000,90,0),(10441,27,35.1000,50,0),(10442,11,16.8000,30,0),(10442,54,5.9000,80,0),(10442,66,13.6000,60,0),(10443,11,16.8000,6,0),(10443,28,36.4000,12,0),(10444,17,31.2000,10,0),(10444,26,24.9000,15,0),(10444,35,14.4000,8,0),(10444,41,7.7000,30,0),(10445,39,14.4000,6,0),(10445,54,5.9000,15,0),(10446,19,7.3000,12,0),(10446,24,3.6000,20,0),(10446,31,10.0000,3,0),(10446,52,5.6000,15,0),(10447,19,7.3000,40,0),(10447,65,16.8000,35,0),(10447,71,17.2000,2,0),(10448,26,24.9000,6,0),(10448,40,14.7000,20,0),(10449,10,24.8000,14,0),(10449,52,5.6000,20,0),(10449,62,39.4000,35,0),(10450,10,24.8000,20,0),(10450,54,5.9000,6,0),(10451,55,19.2000,120,0),(10451,64,26.6000,35,0),(10451,65,16.8000,28,0),(10451,77,10.4000,55,0),(10452,28,36.4000,15,0),(10452,44,15.5000,100,0),(10453,48,10.2000,15,0),(10453,70,12.0000,25,0),(10454,16,13.9000,20,0),(10454,33,2.0000,20,0),(10454,46,9.6000,10,0),(10455,39,14.4000,20,0),(10455,53,26.2000,50,0),(10455,61,22.8000,25,0),(10455,71,17.2000,30,0),(10456,21,8.0000,40,0),(10456,49,16.0000,21,0),(10457,59,44.0000,36,0),(10458,26,24.9000,30,0),(10458,28,36.4000,30,0),(10458,43,36.8000,20,0),(10458,56,30.4000,15,0),(10458,71,17.2000,50,0),(10459,7,24.0000,16,0),(10459,46,9.6000,20,0),(10459,72,27.8000,40,0),(10460,68,10.0000,21,0),(10460,75,6.2000,4,0),(10461,21,8.0000,40,0),(10461,30,20.7000,28,0),(10461,55,19.2000,60,0),(10462,13,4.8000,1,0),(10462,23,7.2000,21,0),(10463,19,7.3000,21,0),(10463,42,11.2000,50,0),(10464,4,17.6000,16,0),(10464,43,36.8000,3,0),(10464,56,30.4000,30,0),(10464,60,27.2000,20,0),(10465,24,3.6000,25,0),(10465,29,99.0000,18,0),(10465,40,14.7000,20,0),(10465,45,7.6000,30,0),(10465,50,13.0000,25,0),(10466,11,16.8000,10,0),(10466,46,9.6000,5,0),(10467,24,3.6000,28,0),(10467,25,11.2000,12,0),(10468,30,20.7000,8,0),(10468,43,36.8000,15,0),(10469,2,15.2000,40,0),(10469,16,13.9000,35,0),(10469,44,15.5000,2,0),(10470,18,50.0000,30,0),(10470,23,7.2000,15,0),(10470,64,26.6000,8,0),(10471,7,24.0000,30,0),(10471,56,30.4000,20,0),(10472,24,3.6000,80,0),(10472,51,42.4000,18,0),(10473,33,2.0000,12,0),(10473,71,17.2000,12,0),(10474,14,18.6000,12,0),(10474,28,36.4000,18,0),(10474,40,14.7000,21,0),(10474,75,6.2000,10,0),(10475,31,10.0000,35,0),(10475,66,13.6000,60,0),(10475,76,14.4000,42,0),(10476,55,19.2000,2,0),(10476,70,12.0000,12,0),(10477,1,14.4000,15,0),(10477,21,8.0000,21,0),(10477,39,14.4000,20,0),(10478,10,24.8000,20,0),(10479,38,210.8000,30,0),(10479,53,26.2000,28,0),(10479,59,44.0000,60,0),(10479,64,26.6000,30,0),(10480,47,7.6000,30,0),(10480,59,44.0000,12,0),(10481,49,16.0000,24,0),(10481,60,27.2000,40,0),(10482,40,14.7000,10,0),(10483,34,11.2000,35,0),(10483,77,10.4000,30,0),(10484,21,8.0000,14,0),(10484,40,14.7000,10,0),(10484,51,42.4000,3,0),(10485,2,15.2000,20,0),(10485,3,8.0000,20,0),(10485,55,19.2000,30,0),(10485,70,12.0000,60,0),(10486,11,16.8000,5,0),(10486,51,42.4000,25,0),(10486,74,8.0000,16,0),(10487,19,7.3000,5,0),(10487,26,24.9000,30,0),(10487,54,5.9000,24,0),(10488,59,44.0000,30,0),(10488,73,12.0000,20,0),(10489,11,16.8000,15,0),(10489,16,13.9000,18,0),(10490,59,44.0000,60,0),(10490,68,10.0000,30,0),(10490,75,6.2000,36,0),(10491,44,15.5000,15,0),(10491,77,10.4000,7,0),(10492,25,11.2000,60,0),(10492,42,11.2000,20,0),(10493,65,16.8000,15,0),(10493,66,13.6000,10,0),(10493,69,28.8000,10,0),(10494,56,30.4000,30,0),(10495,23,7.2000,10,0),(10495,41,7.7000,20,0),(10495,77,10.4000,5,0),(10496,31,10.0000,20,0),(10497,56,30.4000,14,0),(10497,72,27.8000,25,0),(10497,77,10.4000,25,0),(10498,24,4.5000,14,0),(10498,40,18.4000,5,0),(10498,42,14.0000,30,0),(10499,28,45.6000,20,0),(10499,49,20.0000,25,0),(10500,15,15.5000,12,0),(10500,28,45.6000,8,0),(10501,54,7.4500,20,0),(10502,45,9.5000,21,0),(10502,53,32.8000,6,0),(10502,67,14.0000,30,0),(10503,14,23.2500,70,0),(10503,65,21.0500,20,0),(10504,2,19.0000,12,0),(10504,21,10.0000,12,0),(10504,53,32.8000,10,0),(10504,61,28.5000,25,0),(10505,62,49.3000,3,0),(10506,25,14.0000,18,0),(10506,70,15.0000,14,0),(10507,43,46.0000,15,0),(10507,48,12.7500,15,0),(10508,13,6.0000,10,0),(10508,39,18.0000,10,0),(10509,28,45.6000,3,0),(10510,29,123.7900,36,0),(10510,75,7.7500,36,0),(10511,4,22.0000,50,0),(10511,7,30.0000,50,0),(10511,8,40.0000,10,0),(10512,24,4.5000,10,0),(10512,46,12.0000,9,0),(10512,47,9.5000,6,0),(10512,60,34.0000,12,0),(10513,21,10.0000,40,0),(10513,32,32.0000,50,0),(10513,61,28.5000,15,0),(10514,20,81.0000,39,0),(10514,28,45.6000,35,0),(10514,56,38.0000,70,0),(10514,65,21.0500,39,0),(10514,75,7.7500,50,0),(10515,9,97.0000,16,0),(10515,16,17.4500,50,0),(10515,27,43.9000,120,0),(10515,33,2.5000,16,0),(10515,60,34.0000,84,0),(10516,18,62.5000,25,0),(10516,41,9.6500,80,0),(10516,42,14.0000,20,0),(10517,52,7.0000,6,0),(10517,59,55.0000,4,0),(10517,70,15.0000,6,0),(10518,24,4.5000,5,0),(10518,38,263.5000,15,0),(10518,44,19.4500,9,0),(10519,10,31.0000,16,0),(10519,56,38.0000,40,0),(10519,60,34.0000,10,0),(10520,24,4.5000,8,0),(10520,53,32.8000,5,0),(10521,35,18.0000,3,0),(10521,41,9.6500,10,0),(10521,68,12.5000,6,0),(10522,1,18.0000,40,0),(10522,8,40.0000,24,0),(10522,30,25.8900,20,0),(10522,40,18.4000,25,0),(10523,17,39.0000,25,0),(10523,20,81.0000,15,0),(10523,37,26.0000,18,0),(10523,41,9.6500,6,0),(10524,10,31.0000,2,0),(10524,30,25.8900,10,0),(10524,43,46.0000,60,0),(10524,54,7.4500,15,0),(10525,36,19.0000,30,0),(10525,40,18.4000,15,0),(10526,1,18.0000,8,0),(10526,13,6.0000,10,0),(10526,56,38.0000,30,0),(10527,4,22.0000,50,0),(10527,36,19.0000,30,0),(10528,11,21.0000,3,0),(10528,33,2.5000,8,0),(10528,72,34.8000,9,0),(10529,55,24.0000,14,0),(10529,68,12.5000,20,0),(10529,69,36.0000,10,0),(10530,17,39.0000,40,0),(10530,43,46.0000,25,0),(10530,61,28.5000,20,0),(10530,76,18.0000,50,0),(10531,59,55.0000,2,0),(10532,30,25.8900,15,0),(10532,66,17.0000,24,0),(10533,4,22.0000,50,0),(10533,72,34.8000,24,0),(10533,73,15.0000,24,0),(10534,30,25.8900,10,0),(10534,40,18.4000,10,0),(10534,54,7.4500,10,0),(10535,11,21.0000,50,0),(10535,40,18.4000,10,0),(10535,57,19.5000,5,0),(10535,59,55.0000,15,0),(10536,12,38.0000,15,0),(10536,31,12.5000,20,0),(10536,33,2.5000,30,0),(10536,60,34.0000,35,0),(10537,31,12.5000,30,0),(10537,51,53.0000,6,0),(10537,58,13.2500,20,0),(10537,72,34.8000,21,0),(10537,73,15.0000,9,0),(10538,70,15.0000,7,0),(10538,72,34.8000,1,0),(10539,13,6.0000,8,0),(10539,21,10.0000,15,0),(10539,33,2.5000,15,0),(10539,49,20.0000,6,0),(10540,3,10.0000,60,0),(10540,26,31.2300,40,0),(10540,38,263.5000,30,0),(10540,68,12.5000,35,0),(10541,24,4.5000,35,0),(10541,38,263.5000,4,0),(10541,65,21.0500,36,0),(10541,71,21.5000,9,0),(10542,11,21.0000,15,0),(10542,54,7.4500,24,0),(10543,12,38.0000,30,0),(10543,23,9.0000,70,0),(10544,28,45.6000,7,0),(10544,67,14.0000,7,0),(10545,11,21.0000,10,0),(10546,7,30.0000,10,0),(10546,35,18.0000,30,0),(10546,62,49.3000,40,0),(10547,32,32.0000,24,0),(10547,36,19.0000,60,0),(10548,34,14.0000,10,0),(10548,41,9.6500,14,0),(10549,31,12.5000,55,0),(10549,45,9.5000,100,0),(10549,51,53.0000,48,0),(10550,17,39.0000,8,0),(10550,19,9.2000,10,0),(10550,21,10.0000,6,0),(10550,61,28.5000,10,0),(10551,16,17.4500,40,0),(10551,35,18.0000,20,0),(10551,44,19.4500,40,0),(10552,69,36.0000,18,0),(10552,75,7.7500,30,0),(10553,11,21.0000,15,0),(10553,16,17.4500,14,0),(10553,22,21.0000,24,0),(10553,31,12.5000,30,0),(10553,35,18.0000,6,0),(10554,16,17.4500,30,0),(10554,23,9.0000,20,0),(10554,62,49.3000,20,0),(10554,77,13.0000,10,0),(10555,14,23.2500,30,0),(10555,19,9.2000,35,0),(10555,24,4.5000,18,0),(10555,51,53.0000,20,0),(10555,56,38.0000,40,0),(10556,72,34.8000,24,0),(10557,64,33.2500,30,0),(10557,75,7.7500,20,0),(10558,47,9.5000,25,0),(10558,51,53.0000,20,0),(10558,52,7.0000,30,0),(10558,53,32.8000,18,0),(10558,73,15.0000,3,0),(10559,41,9.6500,12,0),(10559,55,24.0000,18,0),(10560,30,25.8900,20,0),(10560,62,49.3000,15,0),(10561,44,19.4500,10,0),(10561,51,53.0000,50,0),(10562,33,2.5000,20,0),(10562,62,49.3000,10,0),(10563,36,19.0000,25,0),(10563,52,7.0000,70,0),(10564,17,39.0000,16,0),(10564,31,12.5000,6,0),(10564,55,24.0000,25,0),(10565,24,4.5000,25,0),(10565,64,33.2500,18,0),(10566,11,21.0000,35,0),(10566,18,62.5000,18,0),(10566,76,18.0000,10,0),(10567,31,12.5000,60,0),(10567,51,53.0000,3,0),(10567,59,55.0000,40,0),(10568,10,31.0000,5,0),(10569,31,12.5000,35,0),(10569,76,18.0000,30,0),(10570,11,21.0000,15,0),(10570,56,38.0000,60,0),(10571,14,23.2500,11,0),(10571,42,14.0000,28,0),(10572,16,17.4500,12,0),(10572,32,32.0000,10,0),(10572,40,18.4000,50,0),(10572,75,7.7500,15,0),(10573,17,39.0000,18,0),(10573,34,14.0000,40,0),(10573,53,32.8000,25,0),(10574,33,2.5000,14,0),(10574,40,18.4000,2,0),(10574,62,49.3000,10,0),(10574,64,33.2500,6,0),(10575,59,55.0000,12,0),(10575,63,43.9000,6,0),(10575,72,34.8000,30,0),(10575,76,18.0000,10,0),(10576,1,18.0000,10,0),(10576,31,12.5000,20,0),(10576,44,19.4500,21,0),(10577,39,18.0000,10,0),(10577,75,7.7500,20,0),(10577,77,13.0000,18,0),(10578,35,18.0000,20,0),(10578,57,19.5000,6,0),(10579,15,15.5000,10,0),(10579,75,7.7500,21,0),(10580,14,23.2500,15,0),(10580,41,9.6500,9,0),(10580,65,21.0500,30,0),(10581,75,7.7500,50,0),(10582,57,19.5000,4,0),(10582,76,18.0000,14,0),(10583,29,123.7900,10,0),(10583,60,34.0000,24,0),(10583,69,36.0000,10,0),(10584,31,12.5000,50,0),(10585,47,9.5000,15,0),(10586,52,7.0000,4,0),(10587,26,31.2300,6,0),(10587,35,18.0000,20,0),(10587,77,13.0000,20,0),(10588,18,62.5000,40,0),(10588,42,14.0000,100,0),(10589,35,18.0000,4,0),(10590,1,18.0000,20,0),(10590,77,13.0000,60,0),(10591,3,10.0000,14,0),(10591,7,30.0000,10,0),(10591,54,7.4500,50,0),(10592,15,15.5000,25,0),(10592,26,31.2300,5,0),(10593,20,81.0000,21,0),(10593,69,36.0000,20,0),(10593,76,18.0000,4,0),(10594,52,7.0000,24,0),(10594,58,13.2500,30,0),(10595,35,18.0000,30,0),(10595,61,28.5000,120,0),(10595,69,36.0000,65,0),(10596,56,38.0000,5,0),(10596,63,43.9000,24,0),(10596,75,7.7500,30,0),(10597,24,4.5000,35,0),(10597,57,19.5000,20,0),(10597,65,21.0500,12,0),(10598,27,43.9000,50,0),(10598,71,21.5000,9,0),(10599,62,49.3000,10,0),(10600,54,7.4500,4,0),(10600,73,15.0000,30,0),(10601,13,6.0000,60,0),(10601,59,55.0000,35,0),(10602,77,13.0000,5,0),(10603,22,21.0000,48,0),(10603,49,20.0000,25,0),(10604,48,12.7500,6,0),(10604,76,18.0000,10,0),(10605,16,17.4500,30,0),(10605,59,55.0000,20,0),(10605,60,34.0000,70,0),(10605,71,21.5000,15,0),(10606,4,22.0000,20,0),(10606,55,24.0000,20,0),(10606,62,49.3000,10,0),(10607,7,30.0000,45,0),(10607,17,39.0000,100,0),(10607,33,2.5000,14,0),(10607,40,18.4000,42,0),(10607,72,34.8000,12,0),(10608,56,38.0000,28,0),(10609,1,18.0000,3,0),(10609,10,31.0000,10,0),(10609,21,10.0000,6,0),(10610,36,19.0000,21,0),(10611,1,18.0000,6,0),(10611,2,19.0000,10,0),(10611,60,34.0000,15,0),(10612,10,31.0000,70,0),(10612,36,19.0000,55,0),(10612,49,20.0000,18,0),(10612,60,34.0000,40,0),(10612,76,18.0000,80,0),(10613,13,6.0000,8,0),(10613,75,7.7500,40,0),(10614,11,21.0000,14,0),(10614,21,10.0000,8,0),(10614,39,18.0000,5,0),(10615,55,24.0000,5,0),(10616,38,263.5000,15,0),(10616,56,38.0000,14,0),(10616,70,15.0000,15,0),(10616,71,21.5000,15,0),(10617,59,55.0000,30,0),(10618,6,25.0000,70,0),(10618,56,38.0000,20,0),(10618,68,12.5000,15,0),(10619,21,10.0000,42,0),(10619,22,21.0000,40,0),(10620,24,4.5000,5,0),(10620,52,7.0000,5,0),(10621,19,9.2000,5,0),(10621,23,9.0000,10,0),(10621,70,15.0000,20,0),(10621,71,21.5000,15,0),(10622,2,19.0000,20,0),(10622,68,12.5000,18,0),(10623,14,23.2500,21,0),(10623,19,9.2000,15,0),(10623,21,10.0000,25,0),(10623,24,4.5000,3,0),(10623,35,18.0000,30,0),(10624,28,45.6000,10,0),(10624,29,123.7900,6,0),(10624,44,19.4500,10,0),(10625,14,23.2500,3,0),(10625,42,14.0000,5,0),(10625,60,34.0000,10,0),(10626,53,32.8000,12,0),(10626,60,34.0000,20,0),(10626,71,21.5000,20,0),(10627,62,49.3000,15,0),(10627,73,15.0000,35,0),(10628,1,18.0000,25,0),(10629,29,123.7900,20,0),(10629,64,33.2500,9,0),(10630,55,24.0000,12,0),(10630,76,18.0000,35,0),(10631,75,7.7500,8,0),(10632,2,19.0000,30,0),(10632,33,2.5000,20,0),(10633,12,38.0000,36,0),(10633,13,6.0000,13,0),(10633,26,31.2300,35,0),(10633,62,49.3000,80,0),(10634,7,30.0000,35,0),(10634,18,62.5000,50,0),(10634,51,53.0000,15,0),(10634,75,7.7500,2,0),(10635,4,22.0000,10,0),(10635,5,21.3500,15,0),(10635,22,21.0000,40,0),(10636,4,22.0000,25,0),(10636,58,13.2500,6,0),(10637,11,21.0000,10,0),(10637,50,16.2500,25,0),(10637,56,38.0000,60,0),(10638,45,9.5000,20,0),(10638,65,21.0500,21,0),(10638,72,34.8000,60,0),(10639,18,62.5000,8,0),(10640,69,36.0000,20,0),(10640,70,15.0000,15,0),(10641,2,19.0000,50,0),(10641,40,18.4000,60,0),(10642,21,10.0000,30,0),(10642,61,28.5000,20,0),(10643,28,45.6000,15,0),(10643,39,18.0000,21,0),(10643,46,12.0000,2,0),(10644,18,62.5000,4,0),(10644,43,46.0000,20,0),(10644,46,12.0000,21,0),(10645,18,62.5000,20,0),(10645,36,19.0000,15,0),(10646,1,18.0000,15,0),(10646,10,31.0000,18,0),(10646,71,21.5000,30,0),(10646,77,13.0000,35,0),(10647,19,9.2000,30,0),(10647,39,18.0000,20,0),(10648,22,21.0000,15,0),(10648,24,4.5000,15,0),(10649,28,45.6000,20,0),(10649,72,34.8000,15,0),(10650,30,25.8900,30,0),(10650,53,32.8000,25,0),(10650,54,7.4500,30,0),(10651,19,9.2000,12,0),(10651,22,21.0000,20,0),(10652,30,25.8900,2,0),(10652,42,14.0000,20,0),(10653,16,17.4500,30,0),(10653,60,34.0000,20,0),(10654,4,22.0000,12,0),(10654,39,18.0000,20,0),(10654,54,7.4500,6,0),(10655,41,9.6500,20,0),(10656,14,23.2500,3,0),(10656,44,19.4500,28,0),(10656,47,9.5000,6,0),(10657,15,15.5000,50,0),(10657,41,9.6500,24,0),(10657,46,12.0000,45,0),(10657,47,9.5000,10,0),(10657,56,38.0000,45,0),(10657,60,34.0000,30,0),(10658,21,10.0000,60,0),(10658,40,18.4000,70,0),(10658,60,34.0000,55,0),(10658,77,13.0000,70,0),(10659,31,12.5000,20,0),(10659,40,18.4000,24,0),(10659,70,15.0000,40,0),(10660,20,81.0000,21,0),(10661,39,18.0000,3,0),(10661,58,13.2500,49,0),(10662,68,12.5000,10,0),(10663,40,18.4000,30,0),(10663,42,14.0000,30,0),(10663,51,53.0000,20,0),(10664,10,31.0000,24,0),(10664,56,38.0000,12,0),(10664,65,21.0500,15,0),(10665,51,53.0000,20,0),(10665,59,55.0000,1,0),(10665,76,18.0000,10,0),(10666,29,123.7900,36,0),(10666,65,21.0500,10,0),(10667,69,36.0000,45,0),(10667,71,21.5000,14,0),(10668,31,12.5000,8,0),(10668,55,24.0000,4,0),(10668,64,33.2500,15,0),(10669,36,19.0000,30,0),(10670,23,9.0000,32,0),(10670,46,12.0000,60,0),(10670,67,14.0000,25,0),(10670,73,15.0000,50,0),(10670,75,7.7500,25,0),(10671,16,17.4500,10,0),(10671,62,49.3000,10,0),(10671,65,21.0500,12,0),(10672,38,263.5000,15,0),(10672,71,21.5000,12,0),(10673,16,17.4500,3,0),(10673,42,14.0000,6,0),(10673,43,46.0000,6,0),(10674,23,9.0000,5,0),(10675,14,23.2500,30,0),(10675,53,32.8000,10,0),(10675,58,13.2500,30,0),(10676,10,31.0000,2,0),(10676,19,9.2000,7,0),(10676,44,19.4500,21,0),(10677,26,31.2300,30,0),(10677,33,2.5000,8,0),(10678,12,38.0000,100,0),(10678,33,2.5000,30,0),(10678,41,9.6500,120,0),(10678,54,7.4500,30,0),(10679,59,55.0000,12,0),(10680,16,17.4500,50,0),(10680,31,12.5000,20,0),(10680,42,14.0000,40,0),(10681,19,9.2000,30,0),(10681,21,10.0000,12,0),(10681,64,33.2500,28,0),(10682,33,2.5000,30,0),(10682,66,17.0000,4,0),(10682,75,7.7500,30,0),(10683,52,7.0000,9,0),(10684,40,18.4000,20,0),(10684,47,9.5000,40,0),(10684,60,34.0000,30,0),(10685,10,31.0000,20,0),(10685,41,9.6500,4,0),(10685,47,9.5000,15,0),(10686,17,39.0000,30,0),(10686,26,31.2300,15,0),(10687,9,97.0000,50,0),(10687,29,123.7900,10,0),(10687,36,19.0000,6,0),(10688,10,31.0000,18,0),(10688,28,45.6000,60,0),(10688,34,14.0000,14,0),(10689,1,18.0000,35,0),(10690,56,38.0000,20,0),(10690,77,13.0000,30,0),(10691,1,18.0000,30,0),(10691,29,123.7900,40,0),(10691,43,46.0000,40,0),(10691,44,19.4500,24,0),(10691,62,49.3000,48,0),(10692,63,43.9000,20,0),(10693,9,97.0000,6,0),(10693,54,7.4500,60,0),(10693,69,36.0000,30,0),(10693,73,15.0000,15,0),(10694,7,30.0000,90,0),(10694,59,55.0000,25,0),(10694,70,15.0000,50,0),(10695,8,40.0000,10,0),(10695,12,38.0000,4,0),(10695,24,4.5000,20,0),(10696,17,39.0000,20,0),(10696,46,12.0000,18,0),(10697,19,9.2000,7,0),(10697,35,18.0000,9,0),(10697,58,13.2500,30,0),(10697,70,15.0000,30,0),(10698,11,21.0000,15,0),(10698,17,39.0000,8,0),(10698,29,123.7900,12,0),(10698,65,21.0500,65,0),(10698,70,15.0000,8,0),(10699,47,9.5000,12,0),(10700,1,18.0000,5,0),(10700,34,14.0000,12,0),(10700,68,12.5000,40,0),(10700,71,21.5000,60,0),(10701,59,55.0000,42,0),(10701,71,21.5000,20,0),(10701,76,18.0000,35,0),(10702,3,10.0000,6,0),(10702,76,18.0000,15,0),(10703,2,19.0000,5,0),(10703,59,55.0000,35,0),(10703,73,15.0000,35,0),(10704,4,22.0000,6,0),(10704,24,4.5000,35,0),(10704,48,12.7500,24,0),(10705,31,12.5000,20,0),(10705,32,32.0000,4,0),(10706,16,17.4500,20,0),(10706,43,46.0000,24,0),(10706,59,55.0000,8,0),(10707,55,24.0000,21,0),(10707,57,19.5000,40,0),(10707,70,15.0000,28,0),(10708,5,21.3500,4,0),(10708,36,19.0000,5,0),(10709,8,40.0000,40,0),(10709,51,53.0000,28,0),(10709,60,34.0000,10,0),(10710,19,9.2000,5,0),(10710,47,9.5000,5,0),(10711,19,9.2000,12,0),(10711,41,9.6500,42,0),(10711,53,32.8000,120,0),(10712,53,32.8000,3,0),(10712,56,38.0000,30,0),(10713,10,31.0000,18,0),(10713,26,31.2300,30,0),(10713,45,9.5000,110,0),(10713,46,12.0000,24,0),(10714,2,19.0000,30,0),(10714,17,39.0000,27,0),(10714,47,9.5000,50,0),(10714,56,38.0000,18,0),(10714,58,13.2500,12,0),(10715,10,31.0000,21,0),(10715,71,21.5000,30,0),(10716,21,10.0000,5,0),(10716,51,53.0000,7,0),(10716,61,28.5000,10,0),(10717,21,10.0000,32,0),(10717,54,7.4500,15,0),(10717,69,36.0000,25,0),(10718,12,38.0000,36,0),(10718,16,17.4500,20,0),(10718,36,19.0000,40,0),(10718,62,49.3000,20,0),(10719,18,62.5000,12,0),(10719,30,25.8900,3,0),(10719,54,7.4500,40,0),(10720,35,18.0000,21,0),(10720,71,21.5000,8,0),(10721,44,19.4500,50,0),(10722,2,19.0000,3,0),(10722,31,12.5000,50,0),(10722,68,12.5000,45,0),(10722,75,7.7500,42,0),(10723,26,31.2300,15,0),(10724,10,31.0000,16,0),(10724,61,28.5000,5,0),(10725,41,9.6500,12,0),(10725,52,7.0000,4,0),(10725,55,24.0000,6,0),(10726,4,22.0000,25,0),(10726,11,21.0000,5,0),(10727,17,39.0000,20,0),(10727,56,38.0000,10,0),(10727,59,55.0000,10,0),(10728,30,25.8900,15,0),(10728,40,18.4000,6,0),(10728,55,24.0000,12,0),(10728,60,34.0000,15,0),(10729,1,18.0000,50,0),(10729,21,10.0000,30,0),(10729,50,16.2500,40,0),(10730,16,17.4500,15,0),(10730,31,12.5000,3,0),(10730,65,21.0500,10,0),(10731,21,10.0000,40,0),(10731,51,53.0000,30,0),(10732,76,18.0000,20,0),(10733,14,23.2500,16,0),(10733,28,45.6000,20,0),(10733,52,7.0000,25,0),(10734,6,25.0000,30,0),(10734,30,25.8900,15,0),(10734,76,18.0000,20,0),(10735,61,28.5000,20,0),(10735,77,13.0000,2,0),(10736,65,21.0500,40,0),(10736,75,7.7500,20,0),(10737,13,6.0000,4,0),(10737,41,9.6500,12,0),(10738,16,17.4500,3,0),(10739,36,19.0000,6,0),(10739,52,7.0000,18,0),(10740,28,45.6000,5,0),(10740,35,18.0000,35,0),(10740,45,9.5000,40,0),(10740,56,38.0000,14,0),(10741,2,19.0000,15,0),(10742,3,10.0000,20,0),(10742,60,34.0000,50,0),(10742,72,34.8000,35,0),(10743,46,12.0000,28,0),(10744,40,18.4000,50,0),(10745,18,62.5000,24,0),(10745,44,19.4500,16,0),(10745,59,55.0000,45,0),(10745,72,34.8000,7,0),(10746,13,6.0000,6,0),(10746,42,14.0000,28,0),(10746,62,49.3000,9,0),(10746,69,36.0000,40,0),(10747,31,12.5000,8,0),(10747,41,9.6500,35,0),(10747,63,43.9000,9,0),(10747,69,36.0000,30,0),(10748,23,9.0000,44,0),(10748,40,18.4000,40,0),(10748,56,38.0000,28,0),(10749,56,38.0000,15,0),(10749,59,55.0000,6,0),(10749,76,18.0000,10,0),(10750,14,23.2500,5,0),(10750,45,9.5000,40,0),(10750,59,55.0000,25,0),(10751,26,31.2300,12,0),(10751,30,25.8900,30,0),(10751,50,16.2500,20,0),(10751,73,15.0000,15,0),(10752,1,18.0000,8,0),(10752,69,36.0000,3,0),(10753,45,9.5000,4,0),(10753,74,10.0000,5,0),(10754,40,18.4000,3,0),(10755,47,9.5000,30,0),(10755,56,38.0000,30,0),(10755,57,19.5000,14,0),(10755,69,36.0000,25,0),(10756,18,62.5000,21,0),(10756,36,19.0000,20,0),(10756,68,12.5000,6,0),(10756,69,36.0000,20,0),(10757,34,14.0000,30,0),(10757,59,55.0000,7,0),(10757,62,49.3000,30,0),(10757,64,33.2500,24,0),(10758,26,31.2300,20,0),(10758,52,7.0000,60,0),(10758,70,15.0000,40,0),(10759,32,32.0000,10,0),(10760,25,14.0000,12,0),(10760,27,43.9000,40,0),(10760,43,46.0000,30,0),(10761,25,14.0000,35,0),(10761,75,7.7500,18,0),(10762,39,18.0000,16,0),(10762,47,9.5000,30,0),(10762,51,53.0000,28,0),(10762,56,38.0000,60,0),(10763,21,10.0000,40,0),(10763,22,21.0000,6,0),(10763,24,4.5000,20,0),(10764,3,10.0000,20,0),(10764,39,18.0000,130,0),(10765,65,21.0500,80,0),(10766,2,19.0000,40,0),(10766,7,30.0000,35,0),(10766,68,12.5000,40,0),(10767,42,14.0000,2,0),(10768,22,21.0000,4,0),(10768,31,12.5000,50,0),(10768,60,34.0000,15,0),(10768,71,21.5000,12,0),(10769,41,9.6500,30,0),(10769,52,7.0000,15,0),(10769,61,28.5000,20,0),(10769,62,49.3000,15,0),(10770,11,21.0000,15,0),(10771,71,21.5000,16,0),(10772,29,123.7900,18,0),(10772,59,55.0000,25,0),(10773,17,39.0000,33,0),(10773,31,12.5000,70,0),(10773,75,7.7500,7,0),(10774,31,12.5000,2,0),(10774,66,17.0000,50,0),(10775,10,31.0000,6,0),(10775,67,14.0000,3,0),(10776,31,12.5000,16,0),(10776,42,14.0000,12,0),(10776,45,9.5000,27,0),(10776,51,53.0000,120,0),(10777,42,14.0000,20,0),(10778,41,9.6500,10,0),(10779,16,17.4500,20,0),(10779,62,49.3000,20,0),(10780,70,15.0000,35,0),(10780,77,13.0000,15,0),(10781,54,7.4500,3,0),(10781,56,38.0000,20,0),(10781,74,10.0000,35,0),(10782,31,12.5000,1,0),(10783,31,12.5000,10,0),(10783,38,263.5000,5,0),(10784,36,19.0000,30,0),(10784,39,18.0000,2,0),(10784,72,34.8000,30,0),(10785,10,31.0000,10,0),(10785,75,7.7500,10,0),(10786,8,40.0000,30,0),(10786,30,25.8900,15,0),(10786,75,7.7500,42,0),(10787,2,19.0000,15,0),(10787,29,123.7900,20,0),(10788,19,9.2000,50,0),(10788,75,7.7500,40,0),(10789,18,62.5000,30,0),(10789,35,18.0000,15,0),(10789,63,43.9000,30,0),(10789,68,12.5000,18,0),(10790,7,30.0000,3,0),(10790,56,38.0000,20,0),(10791,29,123.7900,14,0),(10791,41,9.6500,20,0),(10792,2,19.0000,10,0),(10792,54,7.4500,3,0),(10792,68,12.5000,15,0),(10793,41,9.6500,14,0),(10793,52,7.0000,8,0),(10794,14,23.2500,15,0),(10794,54,7.4500,6,0),(10795,16,17.4500,65,0),(10795,17,39.0000,35,0),(10796,26,31.2300,21,0),(10796,44,19.4500,10,0),(10796,64,33.2500,35,0),(10796,69,36.0000,24,0),(10797,11,21.0000,20,0),(10798,62,49.3000,2,0),(10798,72,34.8000,10,0),(10799,13,6.0000,20,0),(10799,24,4.5000,20,0),(10799,59,55.0000,25,0),(10800,11,21.0000,50,0),(10800,51,53.0000,10,0),(10800,54,7.4500,7,0),(10801,17,39.0000,40,0),(10801,29,123.7900,20,0),(10802,30,25.8900,25,0),(10802,51,53.0000,30,0),(10802,55,24.0000,60,0),(10802,62,49.3000,5,0),(10803,19,9.2000,24,0),(10803,25,14.0000,15,0),(10803,59,55.0000,15,0),(10804,10,31.0000,36,0),(10804,28,45.6000,24,0),(10804,49,20.0000,4,0),(10805,34,14.0000,10,0),(10805,38,263.5000,10,0),(10806,2,19.0000,20,0),(10806,65,21.0500,2,0),(10806,74,10.0000,15,0),(10807,40,18.4000,1,0),(10808,56,38.0000,20,0),(10808,76,18.0000,50,0),(10809,52,7.0000,20,0),(10810,13,6.0000,7,0),(10810,25,14.0000,5,0),(10810,70,15.0000,5,0),(10811,19,9.2000,15,0),(10811,23,9.0000,18,0),(10811,40,18.4000,30,0),(10812,31,12.5000,16,0),(10812,72,34.8000,40,0),(10812,77,13.0000,20,0),(10813,2,19.0000,12,0),(10813,46,12.0000,35,0),(10814,41,9.6500,20,0),(10814,43,46.0000,20,0),(10814,48,12.7500,8,0),(10814,61,28.5000,30,0),(10815,33,2.5000,16,0),(10816,38,263.5000,30,0),(10816,62,49.3000,20,0),(10817,26,31.2300,40,0),(10817,38,263.5000,30,0),(10817,40,18.4000,60,0),(10817,62,49.3000,25,0),(10818,32,32.0000,20,0),(10818,41,9.6500,20,0),(10819,43,46.0000,7,0),(10819,75,7.7500,20,0),(10820,56,38.0000,30,0),(10821,35,18.0000,20,0),(10821,51,53.0000,6,0),(10822,62,49.3000,3,0),(10822,70,15.0000,6,0),(10823,11,21.0000,20,0),(10823,57,19.5000,15,0),(10823,59,55.0000,40,0),(10823,77,13.0000,15,0),(10824,41,9.6500,12,0),(10824,70,15.0000,9,0),(10825,26,31.2300,12,0),(10825,53,32.8000,20,0),(10826,31,12.5000,35,0),(10826,57,19.5000,15,0),(10827,10,31.0000,15,0),(10827,39,18.0000,21,0),(10828,20,81.0000,5,0),(10828,38,263.5000,2,0),(10829,2,19.0000,10,0),(10829,8,40.0000,20,0),(10829,13,6.0000,10,0),(10829,60,34.0000,21,0),(10830,6,25.0000,6,0),(10830,39,18.0000,28,0),(10830,60,34.0000,30,0),(10830,68,12.5000,24,0),(10831,19,9.2000,2,0),(10831,35,18.0000,8,0),(10831,38,263.5000,8,0),(10831,43,46.0000,9,0),(10832,13,6.0000,3,0),(10832,25,14.0000,10,0),(10832,44,19.4500,16,0),(10832,64,33.2500,3,0),(10833,7,30.0000,20,0),(10833,31,12.5000,9,0),(10833,53,32.8000,9,0),(10834,29,123.7900,8,0),(10834,30,25.8900,20,0),(10835,59,55.0000,15,0),(10835,77,13.0000,2,0),(10836,22,21.0000,52,0),(10836,35,18.0000,6,0),(10836,57,19.5000,24,0),(10836,60,34.0000,60,0),(10836,64,33.2500,30,0),(10837,13,6.0000,6,0),(10837,40,18.4000,25,0),(10837,47,9.5000,40,0),(10837,76,18.0000,21,0),(10838,1,18.0000,4,0),(10838,18,62.5000,25,0),(10838,36,19.0000,50,0),(10839,58,13.2500,30,0),(10839,72,34.8000,15,0),(10840,25,14.0000,6,0),(10840,39,18.0000,10,0),(10841,10,31.0000,16,0),(10841,56,38.0000,30,0),(10841,59,55.0000,50,0),(10841,77,13.0000,15,0),(10842,11,21.0000,15,0),(10842,43,46.0000,5,0),(10842,68,12.5000,20,0),(10842,70,15.0000,12,0),(10843,51,53.0000,4,0),(10844,22,21.0000,35,0),(10845,23,9.0000,70,0),(10845,35,18.0000,25,0),(10845,42,14.0000,42,0),(10845,58,13.2500,60,0),(10845,64,33.2500,48,0),(10846,4,22.0000,21,0),(10846,70,15.0000,30,0),(10846,74,10.0000,20,0),(10847,1,18.0000,80,0),(10847,19,9.2000,12,0),(10847,37,26.0000,60,0),(10847,45,9.5000,36,0),(10847,60,34.0000,45,0),(10847,71,21.5000,55,0),(10848,5,21.3500,30,0),(10848,9,97.0000,3,0),(10849,3,10.0000,49,0),(10849,26,31.2300,18,0),(10850,25,14.0000,20,0),(10850,33,2.5000,4,0),(10850,70,15.0000,30,0),(10851,2,19.0000,5,0),(10851,25,14.0000,10,0),(10851,57,19.5000,10,0),(10851,59,55.0000,42,0),(10852,2,19.0000,15,0),(10852,17,39.0000,6,0),(10852,62,49.3000,50,0),(10853,18,62.5000,10,0),(10854,10,31.0000,100,0),(10854,13,6.0000,65,0),(10855,16,17.4500,50,0),(10855,31,12.5000,14,0),(10855,56,38.0000,24,0),(10855,65,21.0500,15,0),(10856,2,19.0000,20,0),(10856,42,14.0000,20,0),(10857,3,10.0000,30,0),(10857,26,31.2300,35,0),(10857,29,123.7900,10,0),(10858,7,30.0000,5,0),(10858,27,43.9000,10,0),(10858,70,15.0000,4,0),(10859,24,4.5000,40,0),(10859,54,7.4500,35,0),(10859,64,33.2500,30,0),(10860,51,53.0000,3,0),(10860,76,18.0000,20,0),(10861,17,39.0000,42,0),(10861,18,62.5000,20,0),(10861,21,10.0000,40,0),(10861,33,2.5000,35,0),(10861,62,49.3000,3,0),(10862,11,21.0000,25,0),(10862,52,7.0000,8,0),(10863,1,18.0000,20,0),(10863,58,13.2500,12,0),(10864,35,18.0000,4,0),(10864,67,14.0000,15,0),(10865,38,263.5000,60,0),(10865,39,18.0000,80,0),(10866,2,19.0000,21,0),(10866,24,4.5000,6,0),(10866,30,25.8900,40,0),(10867,53,32.8000,3,0),(10868,26,31.2300,20,0),(10868,35,18.0000,30,0),(10868,49,20.0000,42,0),(10869,1,18.0000,40,0),(10869,11,21.0000,10,0),(10869,23,9.0000,50,0),(10869,68,12.5000,20,0),(10870,35,18.0000,3,0),(10870,51,53.0000,2,0),(10871,6,25.0000,50,0),(10871,16,17.4500,12,0),(10871,17,39.0000,16,0),(10872,55,24.0000,10,0),(10872,62,49.3000,20,0),(10872,64,33.2500,15,0),(10872,65,21.0500,21,0),(10873,21,10.0000,20,0),(10873,28,45.6000,3,0),(10874,10,31.0000,10,0),(10875,19,9.2000,25,0),(10875,47,9.5000,21,0),(10875,49,20.0000,15,0),(10876,46,12.0000,21,0),(10876,64,33.2500,20,0),(10877,16,17.4500,30,0),(10877,18,62.5000,25,0),(10878,20,81.0000,20,0),(10879,40,18.4000,12,0),(10879,65,21.0500,10,0),(10879,76,18.0000,10,0),(10880,23,9.0000,30,0),(10880,61,28.5000,30,0),(10880,70,15.0000,50,0),(10881,73,15.0000,10,0),(10882,42,14.0000,25,0),(10882,49,20.0000,20,0),(10882,54,7.4500,32,0),(10883,24,4.5000,8,0),(10884,21,10.0000,40,0),(10884,56,38.0000,21,0),(10884,65,21.0500,12,0),(10885,2,19.0000,20,0),(10885,24,4.5000,12,0),(10885,70,15.0000,30,0),(10885,77,13.0000,25,0),(10886,10,31.0000,70,0),(10886,31,12.5000,35,0),(10886,77,13.0000,40,0),(10887,25,14.0000,5,0),(10888,2,19.0000,20,0),(10888,68,12.5000,18,0),(10889,11,21.0000,40,0),(10889,38,263.5000,40,0),(10890,17,39.0000,15,0),(10890,34,14.0000,10,0),(10890,41,9.6500,14,0),(10891,30,25.8900,15,0),(10892,59,55.0000,40,0),(10893,8,40.0000,30,0),(10893,24,4.5000,10,0),(10893,29,123.7900,24,0),(10893,30,25.8900,35,0),(10893,36,19.0000,20,0),(10894,13,6.0000,28,0),(10894,69,36.0000,50,0),(10894,75,7.7500,120,0),(10895,24,4.5000,110,0),(10895,39,18.0000,45,0),(10895,40,18.4000,91,0),(10895,60,34.0000,100,0),(10896,45,9.5000,15,0),(10896,56,38.0000,16,0),(10897,29,123.7900,80,0),(10897,30,25.8900,36,0),(10898,13,6.0000,5,0),(10899,39,18.0000,8,0),(10900,70,15.0000,3,0),(10901,41,9.6500,30,0),(10901,71,21.5000,30,0),(10902,55,24.0000,30,0),(10902,62,49.3000,6,0),(10903,13,6.0000,40,0),(10903,65,21.0500,21,0),(10903,68,12.5000,20,0),(10904,58,13.2500,15,0),(10904,62,49.3000,35,0),(10905,1,18.0000,20,0),(10906,61,28.5000,15,0),(10907,75,7.7500,14,0),(10908,7,30.0000,20,0),(10908,52,7.0000,14,0),(10909,7,30.0000,12,0),(10909,16,17.4500,15,0),(10909,41,9.6500,5,0),(10910,19,9.2000,12,0),(10910,49,20.0000,10,0),(10910,61,28.5000,5,0),(10911,1,18.0000,10,0),(10911,17,39.0000,12,0),(10911,67,14.0000,15,0),(10912,11,21.0000,40,0),(10912,29,123.7900,60,0),(10913,4,22.0000,30,0),(10913,33,2.5000,40,0),(10913,58,13.2500,15,0),(10914,71,21.5000,25,0),(10915,17,39.0000,10,0),(10915,33,2.5000,30,0),(10915,54,7.4500,10,0),(10916,16,17.4500,6,0),(10916,32,32.0000,6,0),(10916,57,19.5000,20,0),(10917,30,25.8900,1,0),(10917,60,34.0000,10,0),(10918,1,18.0000,60,0),(10918,60,34.0000,25,0),(10919,16,17.4500,24,0),(10919,25,14.0000,24,0),(10919,40,18.4000,20,0),(10920,50,16.2500,24,0),(10921,35,18.0000,10,0),(10921,63,43.9000,40,0),(10922,17,39.0000,15,0),(10922,24,4.5000,35,0),(10923,42,14.0000,10,0),(10923,43,46.0000,10,0),(10923,67,14.0000,24,0),(10924,10,31.0000,20,0),(10924,28,45.6000,30,0),(10924,75,7.7500,6,0),(10925,36,19.0000,25,0),(10925,52,7.0000,12,0),(10926,11,21.0000,2,0),(10926,13,6.0000,10,0),(10926,19,9.2000,7,0),(10926,72,34.8000,10,0),(10927,20,81.0000,5,0),(10927,52,7.0000,5,0),(10927,76,18.0000,20,0),(10928,47,9.5000,5,0),(10928,76,18.0000,5,0),(10929,21,10.0000,60,0),(10929,75,7.7500,49,0),(10929,77,13.0000,15,0),(10930,21,10.0000,36,0),(10930,27,43.9000,25,0),(10930,55,24.0000,25,0),(10930,58,13.2500,30,0),(10931,13,6.0000,42,0),(10931,57,19.5000,30,0),(10932,16,17.4500,30,0),(10932,62,49.3000,14,0),(10932,72,34.8000,16,0),(10932,75,7.7500,20,0),(10933,53,32.8000,2,0),(10933,61,28.5000,30,0),(10934,6,25.0000,20,0),(10935,1,18.0000,21,0),(10935,18,62.5000,4,0),(10935,23,9.0000,8,0),(10936,36,19.0000,30,0),(10937,28,45.6000,8,0),(10937,34,14.0000,20,0),(10938,13,6.0000,20,0),(10938,43,46.0000,24,0),(10938,60,34.0000,49,0),(10938,71,21.5000,35,0),(10939,2,19.0000,10,0),(10939,67,14.0000,40,0),(10940,7,30.0000,8,0),(10940,13,6.0000,20,0),(10941,31,12.5000,44,0),(10941,62,49.3000,30,0),(10941,68,12.5000,80,0),(10941,72,34.8000,50,0),(10942,49,20.0000,28,0),(10943,13,6.0000,15,0),(10943,22,21.0000,21,0),(10943,46,12.0000,15,0),(10944,11,21.0000,5,0),(10944,44,19.4500,18,0),(10944,56,38.0000,18,0),(10945,13,6.0000,20,0),(10945,31,12.5000,10,0),(10946,10,31.0000,25,0),(10946,24,4.5000,25,0),(10946,77,13.0000,40,0),(10947,59,55.0000,4,0),(10948,50,16.2500,9,0),(10948,51,53.0000,40,0),(10948,55,24.0000,4,0),(10949,6,25.0000,12,0),(10949,10,31.0000,30,0),(10949,17,39.0000,6,0),(10949,62,49.3000,60,0),(10950,4,22.0000,5,0),(10951,33,2.5000,15,0),(10951,41,9.6500,6,0),(10951,75,7.7500,50,0),(10952,6,25.0000,16,0),(10952,28,45.6000,2,0),(10953,20,81.0000,50,0),(10953,31,12.5000,50,0),(10954,16,17.4500,28,0),(10954,31,12.5000,25,0),(10954,45,9.5000,30,0),(10954,60,34.0000,24,0),(10955,75,7.7500,12,0),(10956,21,10.0000,12,0),(10956,47,9.5000,14,0),(10956,51,53.0000,8,0),(10957,30,25.8900,30,0),(10957,35,18.0000,40,0),(10957,64,33.2500,8,0),(10958,5,21.3500,20,0),(10958,7,30.0000,6,0),(10958,72,34.8000,5,0),(10959,75,7.7500,20,0),(10960,24,4.5000,10,0),(10960,41,9.6500,24,0),(10961,52,7.0000,6,0),(10961,76,18.0000,60,0),(10962,7,30.0000,45,0),(10962,13,6.0000,77,0),(10962,53,32.8000,20,0),(10962,69,36.0000,9,0),(10962,76,18.0000,44,0),(10963,60,34.0000,2,0),(10964,18,62.5000,6,0),(10964,38,263.5000,5,0),(10964,69,36.0000,10,0),(10965,51,53.0000,16,0),(10966,37,26.0000,8,0),(10966,56,38.0000,12,0),(10966,62,49.3000,12,0),(10967,19,9.2000,12,0),(10967,49,20.0000,40,0),(10968,12,38.0000,30,0),(10968,24,4.5000,30,0),(10968,64,33.2500,4,0),(10969,46,12.0000,9,0),(10970,52,7.0000,40,0),(10971,29,123.7900,14,0),(10972,17,39.0000,6,0),(10972,33,2.5000,7,0),(10973,26,31.2300,5,0),(10973,41,9.6500,6,0),(10973,75,7.7500,10,0),(10974,63,43.9000,10,0),(10975,8,40.0000,16,0),(10975,75,7.7500,10,0),(10976,28,45.6000,20,0),(10977,39,18.0000,30,0),(10977,47,9.5000,30,0),(10977,51,53.0000,10,0),(10977,63,43.9000,20,0),(10978,8,40.0000,20,0),(10978,21,10.0000,40,0),(10978,40,18.4000,10,0),(10978,44,19.4500,6,0),(10979,7,30.0000,18,0),(10979,12,38.0000,20,0),(10979,24,4.5000,80,0),(10979,27,43.9000,30,0),(10979,31,12.5000,24,0),(10979,63,43.9000,35,0),(10980,75,7.7500,40,0),(10981,38,263.5000,60,0),(10982,7,30.0000,20,0),(10982,43,46.0000,9,0),(10983,13,6.0000,84,0),(10983,57,19.5000,15,0),(10984,16,17.4500,55,0),(10984,24,4.5000,20,0),(10984,36,19.0000,40,0),(10985,16,17.4500,36,0),(10985,18,62.5000,8,0),(10985,32,32.0000,35,0),(10986,11,21.0000,30,0),(10986,20,81.0000,15,0),(10986,76,18.0000,10,0),(10986,77,13.0000,15,0),(10987,7,30.0000,60,0),(10987,43,46.0000,6,0),(10987,72,34.8000,20,0),(10988,7,30.0000,60,0),(10988,62,49.3000,40,0),(10989,6,25.0000,40,0),(10989,11,21.0000,15,0),(10989,41,9.6500,4,0),(10990,21,10.0000,65,0),(10990,34,14.0000,60,0),(10990,55,24.0000,65,0),(10990,61,28.5000,66,0),(10991,2,19.0000,50,0),(10991,70,15.0000,20,0),(10991,76,18.0000,90,0),(10992,72,34.8000,2,0),(10993,29,123.7900,50,0),(10993,41,9.6500,35,0),(10994,59,55.0000,18,0),(10995,51,53.0000,20,0),(10995,60,34.0000,4,0),(10996,42,14.0000,40,0),(10997,32,32.0000,50,0),(10997,46,12.0000,20,0),(10997,52,7.0000,20,0),(10998,24,4.5000,12,0),(10998,61,28.5000,7,0),(10998,74,10.0000,20,0),(10998,75,7.7500,30,0),(10999,41,9.6500,20,0),(10999,51,53.0000,15,0),(10999,77,13.0000,21,0),(11000,4,22.0000,25,0),(11000,24,4.5000,30,0),(11000,77,13.0000,30,0),(11001,7,30.0000,60,0),(11001,22,21.0000,25,0),(11001,46,12.0000,25,0),(11001,55,24.0000,6,0),(11002,13,6.0000,56,0),(11002,35,18.0000,15,0),(11002,42,14.0000,24,0),(11002,55,24.0000,40,0),(11003,1,18.0000,4,0),(11003,40,18.4000,10,0),(11003,52,7.0000,10,0),(11004,26,31.2300,6,0),(11004,76,18.0000,6,0),(11005,1,18.0000,2,0),(11005,59,55.0000,10,0),(11006,1,18.0000,8,0),(11006,29,123.7900,2,0),(11007,8,40.0000,30,0),(11007,29,123.7900,10,0),(11007,42,14.0000,14,0),(11008,28,45.6000,70,0),(11008,34,14.0000,90,0),(11008,71,21.5000,21,0),(11009,24,4.5000,12,0),(11009,36,19.0000,18,0),(11009,60,34.0000,9,0),(11010,7,30.0000,20,0),(11010,24,4.5000,10,0),(11011,58,13.2500,40,0),(11011,71,21.5000,20,0),(11012,19,9.2000,50,0),(11012,60,34.0000,36,0),(11012,71,21.5000,60,0),(11013,23,9.0000,10,0),(11013,42,14.0000,4,0),(11013,45,9.5000,20,0),(11013,68,12.5000,2,0),(11014,41,9.6500,28,0),(11015,30,25.8900,15,0),(11015,77,13.0000,18,0),(11016,31,12.5000,15,0),(11016,36,19.0000,16,0),(11017,3,10.0000,25,0),(11017,59,55.0000,110,0),(11017,70,15.0000,30,0),(11018,12,38.0000,20,0),(11018,18,62.5000,10,0),(11018,56,38.0000,5,0),(11019,46,12.0000,3,0),(11019,49,20.0000,2,0),(11020,10,31.0000,24,0),(11021,2,19.0000,11,0),(11021,20,81.0000,15,0),(11021,26,31.2300,63,0),(11021,51,53.0000,44,0),(11021,72,34.8000,35,0),(11022,19,9.2000,35,0),(11022,69,36.0000,30,0),(11023,7,30.0000,4,0),(11023,43,46.0000,30,0),(11024,26,31.2300,12,0),(11024,33,2.5000,30,0),(11024,65,21.0500,21,0),(11024,71,21.5000,50,0),(11025,1,18.0000,10,0),(11025,13,6.0000,20,0),(11026,18,62.5000,8,0),(11026,51,53.0000,10,0),(11027,24,4.5000,30,0),(11027,62,49.3000,21,0),(11028,55,24.0000,35,0),(11028,59,55.0000,24,0),(11029,56,38.0000,20,0),(11029,63,43.9000,12,0),(11030,2,19.0000,100,0),(11030,5,21.3500,70,0),(11030,29,123.7900,60,0),(11030,59,55.0000,100,0),(11031,1,18.0000,45,0),(11031,13,6.0000,80,0),(11031,24,4.5000,21,0),(11031,64,33.2500,20,0),(11031,71,21.5000,16,0),(11032,36,19.0000,35,0),(11032,38,263.5000,25,0),(11032,59,55.0000,30,0),(11033,53,32.8000,70,0),(11033,69,36.0000,36,0),(11034,21,10.0000,15,0),(11034,44,19.4500,12,0),(11034,61,28.5000,6,0),(11035,1,18.0000,10,0),(11035,35,18.0000,60,0),(11035,42,14.0000,30,0),(11035,54,7.4500,10,0),(11036,13,6.0000,7,0),(11036,59,55.0000,30,0),(11037,70,15.0000,4,0),(11038,40,18.4000,5,0),(11038,52,7.0000,2,0),(11038,71,21.5000,30,0),(11039,28,45.6000,20,0),(11039,35,18.0000,24,0),(11039,49,20.0000,60,0),(11039,57,19.5000,28,0),(11040,21,10.0000,20,0),(11041,2,19.0000,30,0),(11041,63,43.9000,30,0),(11042,44,19.4500,15,0),(11042,61,28.5000,4,0),(11043,11,21.0000,10,0),(11044,62,49.3000,12,0),(11045,33,2.5000,15,0),(11045,51,53.0000,24,0),(11046,12,38.0000,20,0),(11046,32,32.0000,15,0),(11046,35,18.0000,18,0),(11047,1,18.0000,25,0),(11047,5,21.3500,30,0),(11048,68,12.5000,42,0),(11049,2,19.0000,10,0),(11049,12,38.0000,4,0),(11050,76,18.0000,50,0),(11051,24,4.5000,10,0),(11052,43,46.0000,30,0),(11052,61,28.5000,10,0),(11053,18,62.5000,35,0),(11053,32,32.0000,20,0),(11053,64,33.2500,25,0),(11054,33,2.5000,10,0),(11054,67,14.0000,20,0),(11055,24,4.5000,15,0),(11055,25,14.0000,15,0),(11055,51,53.0000,20,0),(11055,57,19.5000,20,0),(11056,7,30.0000,40,0),(11056,55,24.0000,35,0),(11056,60,34.0000,50,0),(11057,70,15.0000,3,0),(11058,21,10.0000,3,0),(11058,60,34.0000,21,0),(11058,61,28.5000,4,0),(11059,13,6.0000,30,0),(11059,17,39.0000,12,0),(11059,60,34.0000,35,0),(11060,60,34.0000,4,0),(11060,77,13.0000,10,0),(11061,60,34.0000,15,0),(11062,53,32.8000,10,0),(11062,70,15.0000,12,0),(11063,34,14.0000,30,0),(11063,40,18.4000,40,0),(11063,41,9.6500,30,0),(11064,17,39.0000,77,0),(11064,41,9.6500,12,0),(11064,53,32.8000,25,0),(11064,55,24.0000,4,0),(11064,68,12.5000,55,0),(11065,30,25.8900,4,0),(11065,54,7.4500,20,0),(11066,16,17.4500,3,0),(11066,19,9.2000,42,0),(11066,34,14.0000,35,0),(11067,41,9.6500,9,0),(11068,28,45.6000,8,0),(11068,43,46.0000,36,0),(11068,77,13.0000,28,0),(11069,39,18.0000,20,0),(11070,1,18.0000,40,0),(11070,2,19.0000,20,0),(11070,16,17.4500,30,0),(11070,31,12.5000,20,0),(11071,7,30.0000,15,0),(11071,13,6.0000,10,0),(11072,2,19.0000,8,0),(11072,41,9.6500,40,0),(11072,50,16.2500,22,0),(11072,64,33.2500,130,0),(11073,11,21.0000,10,0),(11073,24,4.5000,20,0),(11074,16,17.4500,14,0),(11075,2,19.0000,10,0),(11075,46,12.0000,30,0),(11075,76,18.0000,2,0),(11076,6,25.0000,20,0),(11076,14,23.2500,20,0),(11076,19,9.2000,10,0),(11077,2,19.0000,24,0),(11077,3,10.0000,4,0),(11077,4,22.0000,1,0),(11077,6,25.0000,1,0),(11077,7,30.0000,1,0),(11077,8,40.0000,2,0),(11077,10,31.0000,1,0),(11077,12,38.0000,2,0),(11077,13,6.0000,4,0),(11077,14,23.2500,1,0),(11077,16,17.4500,2,0),(11077,20,81.0000,1,0),(11077,23,9.0000,2,0),(11077,32,32.0000,1,0),(11077,39,18.0000,2,0),(11077,41,9.6500,3,0),(11077,46,12.0000,3,0),(11077,52,7.0000,2,0),(11077,55,24.0000,2,0),(11077,60,34.0000,2,0),(11077,64,33.2500,2,0),(11077,66,17.0000,1,0),(11077,73,15.0000,2,0),(11077,75,7.7500,4,0),(11077,77,13.0000,2,0);
/*!40000 ALTER TABLE `orderDetails` ENABLE KEYS */;
UNLOCK TABLES;

--
-- Table structure for table `orders`
--

DROP TABLE IF EXISTS `orders`;
/*!40101 SET @saved_cs_client     = @@character_set_client */;
/*!40101 SET character_set_client = utf8 */;
CREATE TABLE `orders` (
  `orderId` int(11) NOT NULL AUTO_INCREMENT,
  `customerId` varchar(255) DEFAULT NULL,
  `employeeId` int(11) DEFAULT NULL,
  `orderDate` date DEFAULT NULL,
  `requiredDate` date DEFAULT NULL,
  `shippedDate` date DEFAULT NULL,
  `address` tinytext,
  `shipvia` int(11) DEFAULT NULL,
  `freight` decimal(10,4) DEFAULT NULL,
  `shipName` tinytext,
  `shipAddress` tinytext,
  `shipCity` tinytext,
  `shipRegion` tinytext,
  `shipPostalCode` tinytext,
  `shipCountry` tinytext,
  PRIMARY KEY (`orderId`),
  KEY `customerId` (`customerId`),
  KEY `employeeId` (`employeeId`),
  CONSTRAINT `orders_ibfk_1` FOREIGN KEY (`customerId`) REFERENCES `customers` (`customerId`),
  CONSTRAINT `orders_ibfk_2` FOREIGN KEY (`employeeId`) REFERENCES `employees` (`employeeId`)
) ENGINE=InnoDB DEFAULT CHARSET=latin1;
/*!40101 SET character_set_client = @saved_cs_client */;

--
-- Dumping data for table `orders`
--

LOCK TABLES `orders` WRITE;
/*!40000 ALTER TABLE `orders` DISABLE KEYS */;
/*!40000 ALTER TABLE `orders` ENABLE KEYS */;
UNLOCK TABLES;

--
-- Table structure for table `products`
--

DROP TABLE IF EXISTS `products`;
/*!40101 SET @saved_cs_client     = @@character_set_client */;
/*!40101 SET character_set_client = utf8 */;
CREATE TABLE `products` (
  `productId` int(11) NOT NULL AUTO_INCREMENT,
  `productName` tinytext,
  `supplierId` int(11) DEFAULT NULL,
  `categoryId` int(11) DEFAULT NULL,
  `quantityPerUnit` tinytext,
  `unitPrice` decimal(10,4) DEFAULT NULL,
  `unitsInStock` smallint(6) DEFAULT NULL,
  `unitsOnOrder` smallint(6) DEFAULT NULL,
  `recorderLevel` smallint(6) DEFAULT NULL,
  `discontinued` bit(64) DEFAULT NULL,
  PRIMARY KEY (`productId`)
) ENGINE=InnoDB AUTO_INCREMENT=78 DEFAULT CHARSET=latin1;
/*!40101 SET character_set_client = @saved_cs_client */;

--
-- Dumping data for table `products`
--

LOCK TABLES `products` WRITE;
/*!40000 ALTER TABLE `products` DISABLE KEYS */;
INSERT INTO `products` VALUES (1,'Chai',1,1,'10 boxes x 20 bags',18.0000,39,0,10,_binary '\0\0\0\0\0\0\00'),(2,'Chang',1,1,'24 - 12 oz bottles',19.0000,17,40,25,_binary '\0\0\0\0\0\0\00'),(3,'Aniseed Syrup',1,2,'12 - 550 ml bottles',10.0000,13,70,25,_binary '\0\0\0\0\0\0\00'),(4,'Chef Anton\'s Cajun Seasoning',2,2,'48 - 6 oz jars',22.0000,53,0,0,_binary '\0\0\0\0\0\0\00'),(5,'Chef Anton\'s Gumbo Mix',2,2,'36 boxes',21.3500,0,0,0,_binary '\0\0\0\0\0\0\01'),(6,'Grandma\'s Boysenberry Spread',3,2,'12 - 8 oz jars',25.0000,120,0,25,_binary '\0\0\0\0\0\0\00'),(7,'Uncle Bob\'s Organic Dried Pears',3,7,'12 - 1 lb pkgs.',30.0000,15,0,10,_binary '\0\0\0\0\0\0\00'),(8,'Northwoods Cranberry Sauce',3,2,'12 - 12 oz jars',40.0000,6,0,0,_binary '\0\0\0\0\0\0\00'),(9,'Mishi Kobe Niku',4,6,'18 - 500 g pkgs.',97.0000,29,0,0,_binary '\0\0\0\0\0\0\01'),(10,'Ikura',4,8,'12 - 200 ml jars',31.0000,31,0,0,_binary '\0\0\0\0\0\0\00'),(11,'Queso Cabrales',5,4,'1 kg pkg.',21.0000,22,30,30,_binary '\0\0\0\0\0\0\00'),(12,'Queso Manchego La Pastora',5,4,'10 - 500 g pkgs.',38.0000,86,0,0,_binary '\0\0\0\0\0\0\00'),(13,'Konbu',6,8,'2 kg box',6.0000,24,0,5,_binary '\0\0\0\0\0\0\00'),(14,'Tofu',6,7,'40 - 100 g pkgs.',23.2500,35,0,0,_binary '\0\0\0\0\0\0\00'),(15,'Genen Shouyu',6,2,'24 - 250 ml bottles',15.5000,39,0,5,_binary '\0\0\0\0\0\0\00'),(16,'Pavlova',7,3,'32 - 500 g boxes',17.4500,29,0,10,_binary '\0\0\0\0\0\0\00'),(17,'Alice Mutton',7,6,'20 - 1 kg tins',39.0000,0,0,0,_binary '\0\0\0\0\0\0\01'),(18,'Carnarvon Tigers',7,8,'16 kg pkg.',62.5000,42,0,0,_binary '\0\0\0\0\0\0\00'),(19,'Teatime Chocolate Biscuits',8,3,'10 boxes x 12 pieces',9.2000,25,0,5,_binary '\0\0\0\0\0\0\00'),(20,'Sir Rodney\'s Marmalade',8,3,'30 gift boxes',81.0000,40,0,0,_binary '\0\0\0\0\0\0\00'),(21,'Sir Rodney\'s Scones',8,3,'24 pkgs. x 4 pieces',10.0000,3,40,5,_binary '\0\0\0\0\0\0\00'),(22,'Gustaf\'s Knäckebröd',9,5,'24 - 500 g pkgs.',21.0000,104,0,25,_binary '\0\0\0\0\0\0\00'),(23,'Tunnbröd',9,5,'12 - 250 g pkgs.',9.0000,61,0,25,_binary '\0\0\0\0\0\0\00'),(24,'Guaraná Fantástica',10,1,'12 - 355 ml cans',4.5000,20,0,0,_binary '\0\0\0\0\0\0\01'),(25,'NuNuCa Nuß-Nougat-Creme',11,3,'20 - 450 g glasses',14.0000,76,0,30,_binary '\0\0\0\0\0\0\00'),(26,'Gumbär Gummibärchen',11,3,'100 - 250 g bags',31.2300,15,0,0,_binary '\0\0\0\0\0\0\00'),(27,'Schoggi Schokolade',11,3,'100 - 100 g pieces',43.9000,49,0,30,_binary '\0\0\0\0\0\0\00'),(28,'Rössle Sauerkraut',12,7,'25 - 825 g cans',45.6000,26,0,0,_binary '\0\0\0\0\0\0\01'),(29,'Thüringer Rostbratwurst',12,6,'50 bags x 30 sausgs.',123.7900,0,0,0,_binary '\0\0\0\0\0\0\01'),(30,'Nord-Ost Matjeshering',13,8,'10 - 200 g glasses',25.8900,10,0,15,_binary '\0\0\0\0\0\0\00'),(31,'Gorgonzola Telino',14,4,'12 - 100 g pkgs',12.5000,0,70,20,_binary '\0\0\0\0\0\0\00'),(32,'Mascarpone Fabioli',14,4,'24 - 200 g pkgs.',32.0000,9,40,25,_binary '\0\0\0\0\0\0\00'),(33,'Geitost',15,4,'500 g',2.5000,112,0,20,_binary '\0\0\0\0\0\0\00'),(34,'Sasquatch Ale',16,1,'24 - 12 oz bottles',14.0000,111,0,15,_binary '\0\0\0\0\0\0\00'),(35,'Steeleye Stout',16,1,'24 - 12 oz bottles',18.0000,20,0,15,_binary '\0\0\0\0\0\0\00'),(36,'Inlagd Sill',17,8,'24 - 250 g  jars',19.0000,112,0,20,_binary '\0\0\0\0\0\0\00'),(37,'Gravad lax',17,8,'12 - 500 g pkgs.',26.0000,11,50,25,_binary '\0\0\0\0\0\0\00'),(38,'Côte de Blaye',18,1,'12 - 75 cl bottles',263.5000,17,0,15,_binary '\0\0\0\0\0\0\00'),(39,'Chartreuse verte',18,1,'750 cc per bottle',18.0000,69,0,5,_binary '\0\0\0\0\0\0\00'),(40,'Boston Crab Meat',19,8,'24 - 4 oz tins',18.4000,123,0,30,_binary '\0\0\0\0\0\0\00'),(41,'Jack\'s New England Clam Chowder',19,8,'12 - 12 oz cans',9.6500,85,0,10,_binary '\0\0\0\0\0\0\00'),(42,'Singaporean Hokkien Fried Mee',20,5,'32 - 1 kg pkgs.',14.0000,26,0,0,_binary '\0\0\0\0\0\0\01'),(43,'Ipoh Coffee',20,1,'16 - 500 g tins',46.0000,17,10,25,_binary '\0\0\0\0\0\0\00'),(44,'Gula Malacca',20,2,'20 - 2 kg bags',19.4500,27,0,15,_binary '\0\0\0\0\0\0\00'),(45,'Rogede sild',21,8,'1k pkg.',9.5000,5,70,15,_binary '\0\0\0\0\0\0\00'),(46,'Spegesild',21,8,'4 - 450 g glasses',12.0000,95,0,0,_binary '\0\0\0\0\0\0\00'),(47,'Zaanse koeken',22,3,'10 - 4 oz boxes',9.5000,36,0,0,_binary '\0\0\0\0\0\0\00'),(48,'Chocolade',22,3,'10 pkgs.',12.7500,15,70,25,_binary '\0\0\0\0\0\0\00'),(49,'Maxilaku',23,3,'24 - 50 g pkgs.',20.0000,10,60,15,_binary '\0\0\0\0\0\0\00'),(50,'Valkoinen suklaa',23,3,'12 - 100 g bars',16.2500,65,0,30,_binary '\0\0\0\0\0\0\00'),(51,'Manjimup Dried Apples',24,7,'50 - 300 g pkgs.',53.0000,20,0,10,_binary '\0\0\0\0\0\0\00'),(52,'Filo Mix',24,5,'16 - 2 kg boxes',7.0000,38,0,25,_binary '\0\0\0\0\0\0\00'),(53,'Perth Pasties',24,6,'48 pieces',32.8000,0,0,0,_binary '\0\0\0\0\0\0\01'),(54,'Tourtière',25,6,'16 pies',7.4500,21,0,10,_binary '\0\0\0\0\0\0\00'),(55,'Pâté chinois',25,6,'24 boxes x 2 pies',24.0000,115,0,20,_binary '\0\0\0\0\0\0\00'),(56,'Gnocchi di nonna Alice',26,5,'24 - 250 g pkgs.',38.0000,21,10,30,_binary '\0\0\0\0\0\0\00'),(57,'Ravioli Angelo',26,5,'24 - 250 g pkgs.',19.5000,36,0,20,_binary '\0\0\0\0\0\0\00'),(58,'Escargots de Bourgogne',27,8,'24 pieces',13.2500,62,0,20,_binary '\0\0\0\0\0\0\00'),(59,'Raclette Courdavault',28,4,'5 kg pkg.',55.0000,79,0,0,_binary '\0\0\0\0\0\0\00'),(60,'Camembert Pierrot',28,4,'15 - 300 g rounds',34.0000,19,0,0,_binary '\0\0\0\0\0\0\00'),(61,'Sirop d\'érable',29,2,'24 - 500 ml bottles',28.5000,113,0,25,_binary '\0\0\0\0\0\0\00'),(62,'Tarte au sucre',29,3,'48 pies',49.3000,17,0,0,_binary '\0\0\0\0\0\0\00'),(63,'Vegie-spread',7,2,'15 - 625 g jars',43.9000,24,0,5,_binary '\0\0\0\0\0\0\00'),(64,'Wimmers gute Semmelknödel',12,5,'20 bags x 4 pieces',33.2500,22,80,30,_binary '\0\0\0\0\0\0\00'),(65,'Louisiana Fiery Hot Pepper Sauce',2,2,'32 - 8 oz bottles',21.0500,76,0,0,_binary '\0\0\0\0\0\0\00'),(66,'Louisiana Hot Spiced Okra',2,2,'24 - 8 oz jars',17.0000,4,100,20,_binary '\0\0\0\0\0\0\00'),(67,'Laughing Lumberjack Lager',16,1,'24 - 12 oz bottles',14.0000,52,0,10,_binary '\0\0\0\0\0\0\00'),(68,'Scottish Longbreads',8,3,'10 boxes x 8 pieces',12.5000,6,10,15,_binary '\0\0\0\0\0\0\00'),(69,'Gudbrandsdalsost',15,4,'10 kg pkg.',36.0000,26,0,15,_binary '\0\0\0\0\0\0\00'),(70,'Outback Lager',7,1,'24 - 355 ml bottles',15.0000,15,10,30,_binary '\0\0\0\0\0\0\00'),(71,'Flotemysost',15,4,'10 - 500 g pkgs.',21.5000,26,0,0,_binary '\0\0\0\0\0\0\00'),(72,'Mozzarella di Giovanni',14,4,'24 - 200 g pkgs.',34.8000,14,0,0,_binary '\0\0\0\0\0\0\00'),(73,'Röd Kaviar',17,8,'24 - 150 g jars',15.0000,101,0,5,_binary '\0\0\0\0\0\0\00'),(74,'Longlife Tofu',4,7,'5 kg pkg.',10.0000,4,20,5,_binary '\0\0\0\0\0\0\00'),(75,'Rhönbräu Klosterbier',12,1,'24 - 0.5 l bottles',7.7500,125,0,25,_binary '\0\0\0\0\0\0\00'),(76,'Lakkalikööri',23,1,'500 ml',18.0000,57,0,20,_binary '\0\0\0\0\0\0\00'),(77,'Original Frankfurter grüne Soße',12,2,'12 boxes',13.0000,32,0,15,_binary '\0\0\0\0\0\0\00');
/*!40000 ALTER TABLE `products` ENABLE KEYS */;
UNLOCK TABLES;

--
-- Table structure for table `region`
--

DROP TABLE IF EXISTS `region`;
/*!40101 SET @saved_cs_client     = @@character_set_client */;
/*!40101 SET character_set_client = utf8 */;
CREATE TABLE `region` (
  `regionId` int(11) NOT NULL AUTO_INCREMENT,
  `regionDescription` tinytext,
  PRIMARY KEY (`regionId`)
) ENGINE=InnoDB AUTO_INCREMENT=5 DEFAULT CHARSET=latin1;
/*!40101 SET character_set_client = @saved_cs_client */;

--
-- Dumping data for table `region`
--

LOCK TABLES `region` WRITE;
/*!40000 ALTER TABLE `region` DISABLE KEYS */;
INSERT INTO `region` VALUES (1,'Eastern                                           '),(2,'Western                                           '),(3,'Northern                                          '),(4,'Southern');
/*!40000 ALTER TABLE `region` ENABLE KEYS */;
UNLOCK TABLES;

--
-- Table structure for table `shippers`
--

DROP TABLE IF EXISTS `shippers`;
/*!40101 SET @saved_cs_client     = @@character_set_client */;
/*!40101 SET character_set_client = utf8 */;
CREATE TABLE `shippers` (
  `shipperId` int(11) NOT NULL AUTO_INCREMENT,
  `companyName` tinytext,
  `phone` tinytext,
  PRIMARY KEY (`shipperId`)
) ENGINE=InnoDB AUTO_INCREMENT=4 DEFAULT CHARSET=latin1;
/*!40101 SET character_set_client = @saved_cs_client */;

--
-- Dumping data for table `shippers`
--

LOCK TABLES `shippers` WRITE;
/*!40000 ALTER TABLE `shippers` DISABLE KEYS */;
INSERT INTO `shippers` VALUES (1,'Speedy Express','(503) 555-9831'),(2,'United Package','(503) 555-3199'),(3,'Federal Shipping','(503) 555-9931');
/*!40000 ALTER TABLE `shippers` ENABLE KEYS */;
UNLOCK TABLES;

--
-- Table structure for table `suppliers`
--

DROP TABLE IF EXISTS `suppliers`;
/*!40101 SET @saved_cs_client     = @@character_set_client */;
/*!40101 SET character_set_client = utf8 */;
CREATE TABLE `suppliers` (
  `supplierId` int(11) NOT NULL AUTO_INCREMENT,
  `companyName` tinytext,
  `contactName` tinytext,
  `contactTitle` tinytext,
  `address` tinytext,
  `city` tinytext,
  `region` tinytext,
  `postalCode` tinytext,
  `country` tinytext,
  `phone` tinytext,
  `fax` tinytext,
  `homePage` mediumtext,
  PRIMARY KEY (`supplierId`)
) ENGINE=InnoDB AUTO_INCREMENT=30 DEFAULT CHARSET=latin1;
/*!40101 SET character_set_client = @saved_cs_client */;

--
-- Dumping data for table `suppliers`
--

LOCK TABLES `suppliers` WRITE;
/*!40000 ALTER TABLE `suppliers` DISABLE KEYS */;
INSERT INTO `suppliers` VALUES (1,'Exotic Liquids','Charlotte Cooper','Purchasing Manager','49 Gilbert St.','London',NULL,'EC1 4SD','UK','(171) 555-2222',NULL,'NULL\r'),(2,'New Orleans Cajun Delights','Shelley Burke','Order Administrator','P.O. Box 78934','New Orleans','LA','70117','USA','(100) 555-4822',NULL,'#CAJUN.HTM#\r'),(3,'Grandma Kelly\'s Homestead','Regina Murphy','Sales Representative','707 Oxford Rd.','Ann Arbor','MI','48104','USA','(313) 555-5735','(313) 555-3349','NULL\r'),(4,'Tokyo Traders','Yoshi Nagase','Marketing Manager','9-8 Sekimai Musashino-shi','Tokyo',NULL,'100','Japan','(03) 3555-5011',NULL,'NULL\r'),(5,'Cooperativa de Quesos \'Las Cabras\'','Antonio del Valle Saavedra','Export Administrator','Calle del Rosal 4','Oviedo','Asturias','33007','Spain','(98) 598 76 54',NULL,'NULL\r'),(6,'Mayumi\'s','Mayumi Ohno','Marketing Representative','92 Setsuko Chuo-ku','Osaka',NULL,'545','Japan','(06) 431-7877',NULL,'Mayumi\'s (on the World Wide Web)#http://www.microsoft.com/accessdev/sampleapps/mayumi.htm#\r'),(7,'Pavlova Ltd.','Ian Devling','Marketing Manager','74 Rose St. Moonie Ponds','Melbourne','Victoria','3058','Australia','(03) 444-2343','(03) 444-6588','NULL\r'),(8,'Specialty Biscuits Ltd.','Peter Wilson','Sales Representative','29 King\'s Way','Manchester',NULL,'M14 GSD','UK','(161) 555-4448',NULL,'NULL\r'),(9,'PB Knäckebröd AB','Lars Peterson','Sales Agent','Kaloadagatan 13','Göteborg',NULL,'S-345 67','Sweden','031-987 65 43','031-987 65 91','NULL\r'),(10,'Refrescos Americanas LTDA','Carlos Diaz','Marketing Manager','Av. das Americanas 12.890','Sao Paulo',NULL,'5442','Brazil','(11) 555 4640',NULL,'NULL\r'),(11,'Heli Süßwaren GmbH & Co. KG','Petra Winkler','Sales Manager','Tiergartenstraße 5','Berlin',NULL,'10785','Germany','(010) 9984510',NULL,'NULL\r'),(12,'Plutzer Lebensmittelgroßmärkte AG','Martin Bein','International Marketing Mgr.','Bogenallee 51','Frankfurt',NULL,'60439','Germany','(069) 992755',NULL,'Plutzer (on the World Wide Web)#http://www.microsoft.com/accessdev/sampleapps/plutzer.htm#\r'),(13,'Nord-Ost-Fisch Handelsgesellschaft mbH','Sven Petersen','Coordinator Foreign Markets','Frahmredder 112a','Cuxhaven',NULL,'27478','Germany','(04721) 8713','(04721) 8714','NULL\r'),(14,'Formaggi Fortini s.r.l.','Elio Rossi','Sales Representative','Viale Dante 75','Ravenna',NULL,'48100','Italy','(0544) 60323','(0544) 60603','#FORMAGGI.HTM#\r'),(15,'Norske Meierier','Beate Vileid','Marketing Manager','Hatlevegen 5','Sandvika',NULL,'1320','Norway','(0)2-953010',NULL,'NULL\r'),(16,'Bigfoot Breweries','Cheryl Saylor','Regional Account Rep.','3400 - 8th Avenue Suite 210','Bend','OR','97101','USA','(503) 555-9931',NULL,'NULL\r'),(17,'Svensk Sjöföda AB','Michael Björn','Sales Representative','Brovallavägen 231','Stockholm',NULL,'S-123 45','Sweden','08-123 45 67',NULL,'NULL\r'),(18,'Aux joyeux ecclésiastiques','Guylène Nodier','Sales Manager','203 Rue des Francs-Bourgeois','Paris',NULL,'75004','France','(1) 03.83.00.68',NULL,'NULL\r'),(19,'New England Seafood Cannery','Robb Merchant','Wholesale Account Agent','Order Processing Dept. 2100 Paul Revere Blvd.','Boston','MA','2134','USA','(617) 555-3267','(617) 555-3389','NULL\r'),(20,'Leka Trading','Chandra Leka','Owner','471 Serangoon Loop Suite #402','Singapore',NULL,'512','Singapore','555-8787',NULL,'NULL\r'),(21,'Lyngbysild','Niels Petersen','Sales Manager','Lyngbysild Fiskebakken 10','Lyngby',NULL,'2800','Denmark','43844108','43844115','NULL\r'),(22,'Zaanse Snoepfabriek','Dirk Luchte','Accounting Manager','Verkoop Rijnweg 22','Zaandam',NULL,'9999 ZZ','Netherlands','(12345) 1212','(12345) 1210','NULL\r'),(23,'Karkki Oy','Anne Heikkonen','Product Manager','Valtakatu 12','Lappeenranta',NULL,'53120','Finland','(953) 10956',NULL,'NULL\r'),(24,'G\'day Mate','Wendy Mackenzie','Sales Representative','170 Prince Edward Parade Hunter\'s Hill','Sydney','NSW','2042','Australia','(02) 555-5914',NULL,'G\'day Mate (on the World Wide Web)#http://www.microsoft.com/accessdev/sampleapps/gdaymate.htm#\r'),(25,'Ma Maison','Jean-Guy Lauzon','Marketing Manager','2960 Rue St. Laurent','Montréal','Québec','H1J 1C3','Canada','(514) 555-9022',NULL,'NULL\r'),(26,'Pasta Buttini s.r.l.','Giovanni Giudici','Order Administrator','Via dei Gelsomini 153','Salerno',NULL,'84100','Italy','(089) 6547665',NULL,' NULL\r'),(27,'Escargots Nouveaux','Marie Delamare','Sales Manager','22 rue H. Voiron','Montceau',NULL,'71300','France','85.57.00.07',NULL,'NULL\r'),(28,'Gai pâturage','Eliane Noz','Sales Representative','Bat. B 3 rue des Alpes','Annecy',NULL,'74000','France','38.76.98.06',NULL,'NULL\r'),(29,'Forêts d\'érables','Chantal Goulet','Accounting Manager','148 rue Chasseur','Ste-Hyacinthe','Québec','J2S 7S8','Canada','(514) 555-2955',NULL,'NULL\r');
/*!40000 ALTER TABLE `suppliers` ENABLE KEYS */;
UNLOCK TABLES;

--
-- Table structure for table `territories`
--

DROP TABLE IF EXISTS `territories`;
/*!40101 SET @saved_cs_client     = @@character_set_client */;
/*!40101 SET character_set_client = utf8 */;
CREATE TABLE `territories` (
  `territoryId` varchar(255) NOT NULL,
  `territoryDescription` tinytext,
  `regionId` int(11) DEFAULT NULL,
  PRIMARY KEY (`territoryId`),
  KEY `regionId` (`regionId`),
  CONSTRAINT `territories_ibfk_1` FOREIGN KEY (`regionId`) REFERENCES `region` (`regionId`)
) ENGINE=InnoDB DEFAULT CHARSET=latin1;
/*!40101 SET character_set_client = @saved_cs_client */;

--
-- Dumping data for table `territories`
--

LOCK TABLES `territories` WRITE;
/*!40000 ALTER TABLE `territories` DISABLE KEYS */;
INSERT INTO `territories` VALUES ('01581','Westboro',1),('01730','Bedford',1),('01833','Georgetow',1),('02116','Boston',1),('02139','Cambridge',1),('02184','Braintree',1),('02903','Providence',1),('03049','Hollis',3),('03801','Portsmouth',3),('06897','Wilton',1),('07960','Morristown',1),('08837','Edison',1),('10019','NewYork',1),('10038','NewYork',1),('11747','Mellvile',1),('14450','Fairport',1),('19428','Philadelphia',3),('19713','Neward',1),('20852','Rockville',1),('27403','Greensboro',1),('27511','Cary',1),('29202','Columbia',4),('30346','Atlanta',4),('31406','Savannah',4),('32859','Orlando',4),('33607','Tampa',4),('40222','Louisville',1),('44122','Beachwood',3),('45839','Findlay',3),('48075','Southfield',3),('48084','Troy',3),('48304','BloomfieldHills',3),('53404','Racine',3),('55113','Roseville',3),('55439','Minneapolis',3),('60179','HoffmanEstates',2),('60601','Chicago',2),('72716','Bentonville',4),('75234','Dallas',4),('78759','Austin',4),('80202','Denver',2),('80909','ColoradoSprings',2),('85014','Phoenix',2),('85251','Scottsdale',2),('90405','SantaMonica',2),('94025','MenloPark',2),('94105','SanFrancisco',2),('95008','Campbell',2),('95054','SantaClara',2),('95060','SantaCruz',2),('98004','Bellevue',2),('98052','Redmond',2),('98104','Seattle',2);
/*!40000 ALTER TABLE `territories` ENABLE KEYS */;
UNLOCK TABLES;
/*!40103 SET TIME_ZONE=@OLD_TIME_ZONE */;

/*!40101 SET SQL_MODE=@OLD_SQL_MODE */;
/*!40014 SET FOREIGN_KEY_CHECKS=@OLD_FOREIGN_KEY_CHECKS */;
/*!40014 SET UNIQUE_CHECKS=@OLD_UNIQUE_CHECKS */;
/*!40101 SET CHARACTER_SET_CLIENT=@OLD_CHARACTER_SET_CLIENT */;
/*!40101 SET CHARACTER_SET_RESULTS=@OLD_CHARACTER_SET_RESULTS */;
/*!40101 SET COLLATION_CONNECTION=@OLD_COLLATION_CONNECTION */;
/*!40111 SET SQL_NOTES=@OLD_SQL_NOTES */;

-- Dump completed on 2021-01-25 15:55:52
